-- MariaDB dump 10.19  Distrib 10.5.12-MariaDB, for Linux (x86_64)
--
-- Host: mysql.hostinger.ro    Database: u574849695_22
-- ------------------------------------------------------
-- Server version	10.5.12-MariaDB-cll-lve

/*!40101 SET @OLD_CHARACTER_SET_CLIENT=@@CHARACTER_SET_CLIENT */;
/*!40101 SET @OLD_CHARACTER_SET_RESULTS=@@CHARACTER_SET_RESULTS */;
/*!40101 SET @OLD_COLLATION_CONNECTION=@@COLLATION_CONNECTION */;
/*!40101 SET NAMES utf8mb4 */;
/*!40103 SET @OLD_TIME_ZONE=@@TIME_ZONE */;
/*!40103 SET TIME_ZONE='+00:00' */;
/*!40014 SET @OLD_UNIQUE_CHECKS=@@UNIQUE_CHECKS, UNIQUE_CHECKS=0 */;
/*!40014 SET @OLD_FOREIGN_KEY_CHECKS=@@FOREIGN_KEY_CHECKS, FOREIGN_KEY_CHECKS=0 */;
/*!40101 SET @OLD_SQL_MODE=@@SQL_MODE, SQL_MODE='NO_AUTO_VALUE_ON_ZERO' */;
/*!40111 SET @OLD_SQL_NOTES=@@SQL_NOTES, SQL_NOTES=0 */;

--
-- Table structure for table `communities`
--
DROP DATABASE IF EXISTS vk;
CREATE DATABASE vk;
USE vk;

DROP TABLE IF EXISTS `communities`;
/*!40101 SET @saved_cs_client     = @@character_set_client */;
/*!40101 SET character_set_client = utf8 */;
CREATE TABLE `communities` (
  `id` bigint(20) unsigned NOT NULL AUTO_INCREMENT,
  `name` varchar(150) COLLATE utf8mb4_unicode_ci DEFAULT NULL,
  `admin_user_id` bigint(20) unsigned DEFAULT NULL,
  PRIMARY KEY (`id`),
  KEY `communities_name_idx` (`name`),
  KEY `admin_user_id` (`admin_user_id`),
  CONSTRAINT `communities_ibfk_1` FOREIGN KEY (`admin_user_id`) REFERENCES `users` (`id`) ON DELETE SET NULL ON UPDATE CASCADE
) ENGINE=InnoDB AUTO_INCREMENT=101 DEFAULT CHARSET=utf8mb4 COLLATE=utf8mb4_unicode_ci;
/*!40101 SET character_set_client = @saved_cs_client */;

--
-- Dumping data for table `communities`
--

LOCK TABLES `communities` WRITE;
/*!40000 ALTER TABLE `communities` DISABLE KEYS */;
INSERT INTO `communities` VALUES (1,'ipsa',1),(2,'et',2),(3,'qui',3),(4,'nemo',4),(5,'minima',5),(6,'iste',6),(7,'voluptas',7),(8,'aspernatur',8),(9,'deleniti',9),(10,'voluptatem',10),(11,'vel',11),(12,'quasi',12),(13,'voluptas',13),(14,'ducimus',14),(15,'est',15),(16,'fuga',16),(17,'neque',17),(18,'unde',18),(19,'illo',19),(20,'odit',20),(21,'sed',21),(22,'eos',22),(23,'perspiciatis',23),(24,'occaecati',24),(25,'est',25),(26,'impedit',26),(27,'saepe',27),(28,'omnis',28),(29,'veniam',29),(30,'voluptas',30),(31,'fugiat',31),(32,'qui',32),(33,'ut',33),(34,'sed',34),(35,'consequatur',35),(36,'ea',36),(37,'nam',37),(38,'quia',38),(39,'dolor',39),(40,'facilis',40),(41,'est',41),(42,'laboriosam',42),(43,'unde',43),(44,'facilis',44),(45,'vel',45),(46,'quae',46),(47,'in',47),(48,'eveniet',48),(49,'aliquam',49),(50,'magni',50),(51,'at',51),(52,'est',52),(53,'tempore',53),(54,'voluptatibus',54),(55,'qui',55),(56,'autem',56),(57,'vero',57),(58,'voluptatem',58),(59,'aspernatur',59),(60,'ratione',60),(61,'voluptas',61),(62,'repudiandae',62),(63,'omnis',63),(64,'ratione',64),(65,'quae',65),(66,'quos',66),(67,'tempore',67),(68,'ut',68),(69,'autem',69),(70,'architecto',70),(71,'impedit',71),(72,'esse',72),(73,'harum',73),(74,'unde',74),(75,'ipsa',75),(76,'sed',76),(77,'eligendi',77),(78,'praesentium',78),(79,'vero',79),(80,'id',80),(81,'animi',81),(82,'non',82),(83,'aut',83),(84,'aut',84),(85,'maxime',85),(86,'expedita',86),(87,'et',87),(88,'nesciunt',88),(89,'ut',89),(90,'culpa',90),(91,'quo',91),(92,'natus',92),(93,'adipisci',93),(94,'voluptatem',94),(95,'eaque',95),(96,'ut',96),(97,'voluptas',97),(98,'consequatur',98),(99,'incidunt',99),(100,'et',100);
/*!40000 ALTER TABLE `communities` ENABLE KEYS */;
UNLOCK TABLES;

--
-- Table structure for table `friend_requests`
--

DROP TABLE IF EXISTS `friend_requests`;
/*!40101 SET @saved_cs_client     = @@character_set_client */;
/*!40101 SET character_set_client = utf8 */;
CREATE TABLE `friend_requests` (
  `initiator_user_id` bigint(20) unsigned NOT NULL,
  `target_user_id` bigint(20) unsigned NOT NULL,
  `status` enum('requested','approved','declined','unfriended') COLLATE utf8mb4_unicode_ci DEFAULT NULL,
  `requested_at` datetime DEFAULT current_timestamp(),
  `updated_at` datetime DEFAULT NULL ON UPDATE current_timestamp(),
  PRIMARY KEY (`initiator_user_id`,`target_user_id`),
  KEY `target_user_id` (`target_user_id`),
  CONSTRAINT `friend_requests_ibfk_1` FOREIGN KEY (`initiator_user_id`) REFERENCES `users` (`id`) ON DELETE CASCADE ON UPDATE CASCADE,
  CONSTRAINT `friend_requests_ibfk_2` FOREIGN KEY (`target_user_id`) REFERENCES `users` (`id`) ON DELETE CASCADE ON UPDATE CASCADE
) ENGINE=InnoDB DEFAULT CHARSET=utf8mb4 COLLATE=utf8mb4_unicode_ci;
/*!40101 SET character_set_client = @saved_cs_client */;

--
-- Dumping data for table `friend_requests`
--

LOCK TABLES `friend_requests` WRITE;
/*!40000 ALTER TABLE `friend_requests` DISABLE KEYS */;
INSERT INTO `friend_requests` VALUES (1,7,'approved','2003-08-15 03:36:10','1985-01-05 20:20:20'),(2,72,'requested','1973-04-17 01:32:21','1997-07-04 12:47:01'),(3,72,'requested','1974-08-08 11:15:50','1975-06-10 19:26:10'),(4,63,'approved','1993-08-19 10:42:09','1977-07-17 08:14:07'),(5,28,'unfriended','1991-04-10 04:25:27','2009-03-05 22:33:31'),(6,77,'requested','2006-04-22 01:21:31','1989-10-04 23:06:23'),(7,65,'unfriended','2022-03-23 07:28:58','1994-12-09 16:08:38'),(8,88,'approved','1974-06-26 13:06:20','2006-06-27 11:27:03'),(9,72,'requested','2002-01-15 09:46:50','2002-02-23 09:10:29'),(10,1,'unfriended','1972-07-18 16:27:38','2002-02-20 13:25:55'),(11,89,'unfriended','2020-07-24 10:59:10','1975-04-18 10:11:54'),(12,96,'declined','2013-10-21 23:46:27','1999-06-05 01:08:16'),(13,88,'unfriended','2020-05-23 08:18:01','1988-12-06 07:17:08'),(14,10,'approved','1983-08-30 17:52:20','2004-01-18 13:18:33'),(15,52,'declined','1973-12-26 16:00:52','2012-04-25 12:20:08'),(16,100,'approved','2017-01-14 12:34:25','1999-10-03 19:03:48'),(17,80,'requested','2009-05-09 09:54:43','2014-07-19 18:12:52'),(18,14,'approved','1980-04-28 09:46:54','1981-01-31 01:32:28'),(19,24,'declined','2016-04-20 19:09:03','1985-07-03 01:02:44'),(20,23,'unfriended','2016-09-24 17:49:28','2021-04-23 17:29:45'),(21,77,'declined','1986-04-26 08:17:07','2011-02-13 02:49:23'),(22,73,'requested','1976-10-26 18:58:59','1992-03-15 03:40:00'),(23,69,'requested','1984-12-03 13:22:50','1984-10-19 12:24:54'),(24,72,'requested','1997-11-30 12:22:06','1982-03-22 23:15:14'),(25,89,'approved','1989-11-12 01:08:49','1975-03-27 02:32:19'),(26,86,'declined','1975-06-01 21:02:26','2004-05-16 12:11:26'),(27,11,'approved','1995-05-21 22:25:52','2014-03-12 01:19:00'),(28,63,'declined','1998-04-07 17:16:35','2015-12-22 20:16:00'),(29,63,'declined','2006-11-28 13:06:30','1999-07-24 04:49:04'),(30,96,'requested','1974-11-12 05:21:05','1986-08-03 23:41:45'),(31,67,'approved','2001-04-22 03:47:14','2011-03-28 19:35:42'),(32,70,'requested','1976-06-01 04:50:50','1994-12-29 06:12:43'),(33,68,'requested','1987-06-21 01:58:19','1984-08-29 05:58:06'),(34,39,'unfriended','1993-07-24 19:14:14','2009-10-31 16:27:19'),(35,33,'requested','2008-09-10 15:54:34','2016-12-16 07:39:56'),(36,95,'declined','1990-11-18 05:00:04','1999-05-28 00:35:20'),(37,16,'unfriended','1979-10-18 09:49:14','1973-04-06 01:06:55'),(38,97,'requested','1985-05-18 17:31:33','2005-03-20 20:58:24'),(39,82,'unfriended','2012-08-07 20:48:52','1977-01-14 13:22:34'),(40,87,'unfriended','1987-03-14 09:38:25','1996-06-06 09:25:57'),(41,98,'requested','1996-08-29 05:40:22','2002-03-07 18:30:12'),(42,71,'approved','1986-05-27 11:43:20','2010-10-30 06:13:29'),(43,82,'requested','2015-12-10 22:35:51','1976-12-06 08:30:42'),(44,85,'approved','1988-11-21 19:33:52','2003-08-03 16:45:03'),(45,80,'requested','1984-06-29 19:46:01','1989-10-17 06:44:42'),(46,34,'approved','1972-04-29 20:09:31','1981-07-28 10:43:57'),(47,84,'approved','1977-07-16 20:53:13','1974-09-09 17:44:24'),(48,59,'requested','2010-10-04 21:15:45','2015-03-16 12:01:43'),(49,47,'approved','1994-01-02 07:48:46','1970-07-04 00:00:19'),(50,8,'approved','1982-04-09 11:47:44','2012-07-18 12:04:31'),(51,82,'unfriended','2001-06-01 18:08:16','2001-01-29 11:51:31'),(52,24,'unfriended','1970-11-20 16:16:57','2014-01-24 23:23:54'),(53,81,'requested','2002-08-24 03:59:27','2008-06-12 16:29:28'),(54,51,'requested','1971-08-22 07:18:14','1996-08-14 14:16:21'),(55,96,'requested','2019-11-21 17:35:16','1977-02-20 15:34:05'),(56,70,'requested','1970-01-17 22:16:28','1995-01-03 09:28:32'),(57,37,'unfriended','1985-09-16 06:32:11','2003-10-17 13:26:18'),(58,6,'requested','2012-05-09 04:25:29','2012-01-16 17:16:20'),(59,32,'declined','1976-03-27 20:36:24','2013-07-19 19:56:03'),(60,99,'declined','1989-05-24 19:01:15','2021-06-01 06:02:17'),(61,1,'approved','1979-02-02 11:28:22','2019-07-15 02:04:04'),(62,99,'requested','2001-06-05 17:30:53','1995-07-20 16:44:24'),(63,69,'requested','2014-09-03 09:56:29','1975-08-23 01:25:37'),(64,68,'declined','1986-09-10 16:27:49','2002-10-16 05:42:08'),(65,37,'approved','1996-09-27 21:11:36','2003-06-21 09:04:15'),(66,2,'declined','2013-05-20 23:04:20','1983-05-30 04:42:10'),(67,62,'unfriended','1972-03-28 04:48:40','1976-09-12 14:38:54'),(68,53,'declined','2003-12-22 18:07:15','2002-10-30 01:35:35'),(69,98,'unfriended','1993-03-07 00:45:24','1998-07-17 06:26:27'),(70,44,'approved','2001-12-22 01:06:11','2007-01-18 20:28:45'),(71,39,'approved','1978-07-27 05:01:24','1992-11-18 20:10:47'),(72,96,'declined','1996-03-05 21:14:54','1991-07-10 10:08:38'),(73,14,'approved','2020-07-23 15:39:57','2021-07-02 11:20:58'),(74,21,'requested','1990-06-15 06:43:58','2020-06-30 13:15:44'),(75,80,'unfriended','2012-09-28 16:41:24','1975-09-09 06:40:18'),(76,94,'approved','2017-07-24 04:39:10','2020-04-25 17:40:53'),(77,55,'requested','1976-12-23 02:41:52','2013-04-14 17:18:57'),(78,64,'declined','1988-11-13 05:01:48','1992-12-09 15:03:50'),(79,53,'requested','1990-04-06 07:44:28','2002-05-12 20:43:36'),(80,1,'declined','2009-05-04 05:28:07','2011-10-03 22:45:17'),(81,72,'requested','2014-05-19 15:41:32','1991-06-08 05:11:17'),(82,34,'approved','1986-10-12 17:35:23','1994-10-22 19:56:48'),(83,25,'requested','1974-02-15 02:36:20','1988-05-14 01:10:14'),(84,52,'requested','1978-10-11 02:18:51','2014-03-04 13:44:37'),(85,85,'unfriended','1982-11-07 20:14:05','2020-07-05 03:50:05'),(86,20,'requested','1989-06-17 16:28:16','1989-07-01 00:38:19'),(87,21,'approved','1987-08-31 05:54:29','2020-01-18 03:02:57'),(88,21,'unfriended','1990-02-15 12:05:50','1971-09-15 16:08:42'),(89,25,'requested','1972-11-23 13:43:11','2012-06-13 05:54:28'),(90,53,'declined','2004-03-21 04:18:03','2016-06-24 12:27:39'),(91,20,'declined','1985-08-26 06:12:05','2007-07-25 15:36:30'),(92,25,'unfriended','2003-01-16 11:58:14','1973-09-08 09:48:51'),(93,51,'approved','1970-02-15 19:42:08','2018-02-20 09:52:23'),(94,88,'declined','1978-08-07 19:38:05','1988-06-01 09:56:40'),(95,93,'unfriended','2002-10-12 14:49:16','2009-04-14 02:53:41'),(96,88,'declined','1978-12-23 00:32:45','1984-04-17 15:06:42'),(97,89,'declined','1974-03-01 07:17:45','2016-05-24 00:34:02'),(98,55,'approved','1974-03-06 00:28:30','2017-01-20 18:03:27'),(99,40,'declined','1988-03-31 05:36:01','2008-02-15 02:10:17'),(100,87,'declined','2000-08-09 08:08:10','1999-02-21 16:38:24');
/*!40000 ALTER TABLE `friend_requests` ENABLE KEYS */;
UNLOCK TABLES;

--
-- Table structure for table `likes`
--

DROP TABLE IF EXISTS `likes`;
/*!40101 SET @saved_cs_client     = @@character_set_client */;
/*!40101 SET character_set_client = utf8 */;
CREATE TABLE `likes` (
  `id` bigint(20) unsigned NOT NULL AUTO_INCREMENT,
  `user_id` bigint(20) unsigned NOT NULL,
  `media_id` bigint(20) unsigned NOT NULL,
  `created_at` datetime DEFAULT current_timestamp(),
  PRIMARY KEY (`id`),
  KEY `user_id` (`user_id`),
  KEY `media_id` (`media_id`),
  CONSTRAINT `likes_ibfk_1` FOREIGN KEY (`user_id`) REFERENCES `users` (`id`) ON DELETE CASCADE ON UPDATE CASCADE,
  CONSTRAINT `likes_ibfk_2` FOREIGN KEY (`media_id`) REFERENCES `media` (`id`) ON DELETE CASCADE ON UPDATE CASCADE
) ENGINE=InnoDB AUTO_INCREMENT=101 DEFAULT CHARSET=utf8mb4 COLLATE=utf8mb4_unicode_ci;
/*!40101 SET character_set_client = @saved_cs_client */;

--
-- Dumping data for table `likes`
--

LOCK TABLES `likes` WRITE;
/*!40000 ALTER TABLE `likes` DISABLE KEYS */;
INSERT INTO `likes` VALUES (1,1,1,'2015-11-17 18:53:04'),(2,2,2,'1989-01-22 18:02:04'),(3,3,3,'2003-03-07 09:06:11'),(4,4,4,'1993-06-30 18:38:11'),(5,5,5,'1975-10-21 14:34:13'),(6,6,6,'2013-10-22 14:37:28'),(7,7,7,'1994-12-28 06:01:23'),(8,8,8,'2010-04-18 15:21:23'),(9,9,9,'1999-08-16 12:52:07'),(10,10,10,'2001-03-27 14:50:08'),(11,11,11,'1985-08-19 11:31:31'),(12,12,12,'2006-03-11 13:22:00'),(13,13,13,'1976-07-10 01:00:35'),(14,14,14,'1974-08-10 00:48:10'),(15,15,15,'1985-03-23 21:10:27'),(16,16,16,'1988-12-06 04:12:37'),(17,17,17,'1998-03-03 21:25:32'),(18,18,18,'1971-09-07 03:33:40'),(19,19,19,'1971-01-09 11:28:03'),(20,20,20,'2007-02-18 16:45:55'),(21,21,21,'1970-08-14 06:29:53'),(22,22,22,'1994-10-29 16:23:24'),(23,23,23,'1981-07-29 07:55:24'),(24,24,24,'1980-10-11 00:40:20'),(25,25,25,'1990-10-15 02:03:14'),(26,26,26,'2013-11-24 21:13:26'),(27,27,27,'1984-02-03 10:39:24'),(28,28,28,'1980-12-27 11:54:26'),(29,29,29,'2020-09-22 11:58:05'),(30,30,30,'2013-10-31 20:52:22'),(31,31,31,'1995-08-10 15:40:12'),(32,32,32,'2005-06-18 06:50:39'),(33,33,33,'2001-11-15 19:22:12'),(34,34,34,'1975-04-13 16:37:19'),(35,35,35,'2004-04-13 08:34:51'),(36,36,36,'1981-10-04 08:39:50'),(37,37,37,'2002-11-03 07:17:41'),(38,38,38,'1995-01-29 15:51:07'),(39,39,39,'1999-10-08 22:22:22'),(40,40,40,'2009-11-21 20:52:40'),(41,41,41,'1998-07-16 15:54:26'),(42,42,42,'1972-11-13 15:15:23'),(43,43,43,'1973-12-03 02:42:22'),(44,44,44,'1993-08-08 18:14:14'),(45,45,45,'1997-01-07 08:35:39'),(46,46,46,'1983-02-10 13:47:54'),(47,47,47,'1983-07-23 02:11:38'),(48,48,48,'1998-03-26 06:02:26'),(49,49,49,'2020-06-23 21:56:40'),(50,50,50,'2018-12-14 00:26:41'),(51,51,51,'1987-08-15 04:32:44'),(52,52,52,'1986-09-20 04:54:20'),(53,53,53,'1999-02-28 16:35:58'),(54,54,54,'1977-11-23 04:18:49'),(55,55,55,'2000-09-29 09:59:53'),(56,56,56,'1998-09-01 19:22:03'),(57,57,57,'2019-01-10 23:53:08'),(58,58,58,'1977-08-26 03:49:35'),(59,59,59,'1996-01-31 12:10:31'),(60,60,60,'1989-02-13 23:07:42'),(61,61,61,'2018-10-31 22:51:45'),(62,62,62,'1980-09-07 00:39:34'),(63,63,63,'1973-05-23 11:04:09'),(64,64,64,'1975-04-09 08:28:02'),(65,65,65,'2013-04-13 08:21:43'),(66,66,66,'1975-12-12 03:51:41'),(67,67,67,'1994-04-23 11:37:17'),(68,68,68,'2021-12-30 18:08:14'),(69,69,69,'1993-05-06 09:35:50'),(70,70,70,'1980-09-06 17:10:11'),(71,71,71,'1977-03-26 20:14:54'),(72,72,72,'1988-01-26 13:55:49'),(73,73,73,'1976-09-22 00:18:13'),(74,74,74,'2002-10-18 20:41:41'),(75,75,75,'1972-07-03 16:00:16'),(76,76,76,'2006-05-22 15:25:57'),(77,77,77,'2017-07-13 22:52:05'),(78,78,78,'2010-08-30 13:53:34'),(79,79,79,'1992-05-22 22:54:28'),(80,80,80,'1982-04-26 10:28:35'),(81,81,81,'1978-06-24 22:16:47'),(82,82,82,'1998-06-07 19:08:12'),(83,83,83,'1974-05-29 23:43:00'),(84,84,84,'1981-01-22 22:04:19'),(85,85,85,'1978-06-10 07:29:25'),(86,86,86,'2004-07-21 10:56:47'),(87,87,87,'1998-03-27 00:50:41'),(88,88,88,'2007-11-20 18:13:48'),(89,89,89,'2007-12-15 19:32:37'),(90,90,90,'2004-02-22 06:45:12'),(91,91,91,'2013-04-09 05:06:48'),(92,92,92,'2000-11-06 06:48:56'),(93,93,93,'1985-09-03 20:29:06'),(94,94,94,'1989-01-31 07:40:16'),(95,95,95,'1977-02-17 04:52:44'),(96,96,96,'1972-08-08 17:43:49'),(97,97,97,'1979-04-19 10:24:05'),(98,98,98,'1995-05-15 08:33:19'),(99,99,99,'1983-10-16 17:31:10'),(100,100,100,'2006-11-23 08:19:12');
/*!40000 ALTER TABLE `likes` ENABLE KEYS */;
UNLOCK TABLES;

--
-- Table structure for table `media`
--

DROP TABLE IF EXISTS `media`;
/*!40101 SET @saved_cs_client     = @@character_set_client */;
/*!40101 SET character_set_client = utf8 */;
CREATE TABLE `media` (
  `id` bigint(20) unsigned NOT NULL AUTO_INCREMENT,
  `media_type_id` bigint(20) unsigned DEFAULT NULL,
  `user_id` bigint(20) unsigned NOT NULL,
  `body` text COLLATE utf8mb4_unicode_ci DEFAULT NULL,
  `filename` varchar(255) COLLATE utf8mb4_unicode_ci DEFAULT NULL,
  `size` int(11) DEFAULT NULL,
  `metadata` longtext CHARACTER SET utf8mb4 COLLATE utf8mb4_bin DEFAULT NULL CHECK (json_valid(`metadata`)),
  `created_at` datetime DEFAULT current_timestamp(),
  `updated_at` datetime DEFAULT current_timestamp() ON UPDATE current_timestamp(),
  PRIMARY KEY (`id`),
  KEY `user_id` (`user_id`),
  KEY `media_type_id` (`media_type_id`),
  CONSTRAINT `media_ibfk_1` FOREIGN KEY (`user_id`) REFERENCES `users` (`id`) ON DELETE CASCADE ON UPDATE CASCADE,
  CONSTRAINT `media_ibfk_2` FOREIGN KEY (`media_type_id`) REFERENCES `media_types` (`id`) ON DELETE SET NULL ON UPDATE CASCADE
) ENGINE=InnoDB AUTO_INCREMENT=101 DEFAULT CHARSET=utf8mb4 COLLATE=utf8mb4_unicode_ci;
/*!40101 SET character_set_client = @saved_cs_client */;

--
-- Dumping data for table `media`
--

LOCK TABLES `media` WRITE;
/*!40000 ALTER TABLE `media` DISABLE KEYS */;
INSERT INTO `media` VALUES (1,1,28,'Illum ipsam autem aliquid explicabo sed ut rerum. Facilis molestias qui quia rem soluta. Tempora maxime omnis laborum numquam sint iusto. Amet labore voluptas libero fuga est sequi.','temporibus',1,NULL,'1998-09-21 22:43:47','2010-07-02 14:52:16'),(2,2,18,'Magnam modi quisquam eius. Ea non natus qui maiores. Id mollitia iusto fugit a distinctio repellendus.','ut',7,NULL,'1991-02-05 12:54:49','1986-09-25 16:22:28'),(3,3,4,'Minus asperiores sequi error repellat aut. Et officiis quas consectetur ut laudantium. Consequatur quidem vitae totam ut ex enim. Libero non cum vitae qui laborum dolorem.','eum',177584064,NULL,'1977-12-14 10:04:06','2007-03-19 14:51:31'),(4,4,37,'Maiores qui consequatur corrupti. Aut ea et beatae omnis similique. Qui et reprehenderit sunt necessitatibus aut labore. Soluta repellat eligendi minima quia alias quia.','modi',51379902,NULL,'1998-04-07 20:31:07','2000-01-11 04:57:37'),(5,5,39,'Quasi error natus aut libero. Veniam in natus rerum facere hic. Tempore consequatur sit saepe sed et.','odit',851179,NULL,'1985-06-01 23:02:11','1975-11-12 02:07:08'),(6,6,60,'Molestias vel et beatae alias. Ea qui et dicta id neque eaque odio. Debitis libero unde magni recusandae deleniti.','ut',227810447,NULL,'2008-06-07 00:34:11','2010-09-03 08:02:38'),(7,7,19,'Corrupti veritatis cumque iure consequatur aperiam non. Dolores dolores voluptas neque dolor dolores. Incidunt velit nihil esse aut atque impedit aspernatur.','vitae',777937,NULL,'1971-09-27 00:35:34','1973-04-20 03:12:09'),(8,8,77,'Nesciunt similique consequuntur ipsam ut possimus. Officia omnis non quasi illum. Possimus voluptas voluptatem beatae earum. Dolor laboriosam hic aut dolor est cum. Optio labore in impedit aut nemo perspiciatis.','eos',157778,NULL,'2010-11-13 14:23:38','2002-05-15 09:42:49'),(9,9,39,'Voluptatem magni repellat velit aspernatur laudantium. Et eos iure tenetur excepturi vitae laborum. Sed doloremque quidem ipsa fugit dolor voluptas. Aliquid illo dolorum facilis delectus assumenda qui animi.','non',412,NULL,'1982-01-07 02:22:13','1972-10-06 10:45:15'),(10,10,68,'In blanditiis consequatur facere aspernatur sed asperiores. Porro asperiores sed consequatur provident delectus nihil voluptas maiores. Rerum facilis minus unde recusandae eveniet molestias.','aspernatur',31311,NULL,'2016-02-27 11:36:17','2004-11-02 02:24:27'),(11,1,19,'Blanditiis error assumenda excepturi magnam. Rerum in quasi molestiae libero aspernatur et. Quos neque alias quas tempora laborum repudiandae aut.','nihil',32,NULL,'2020-06-12 14:00:25','1981-09-15 21:47:31'),(12,2,88,'Eum in rerum possimus officia. Nulla in sit voluptatem facilis odit et et. Sint excepturi pariatur eaque. Rerum omnis illum veniam corrupti consequatur molestias recusandae dolorem. Voluptas dolores alias possimus dolorem nam culpa sint quis.','error',1369,NULL,'1976-08-27 20:28:26','2002-04-02 10:09:44'),(13,3,86,'Ullam non ut omnis tempora ratione incidunt. Velit maxime quam quisquam sint excepturi illo.','corporis',979,NULL,'1992-05-30 03:32:06','2019-01-01 10:38:55'),(14,4,12,'Ut molestiae mollitia nobis qui. Modi dolorem magni cumque optio. Eaque impedit consequatur voluptatem quos est deserunt. Error inventore doloribus blanditiis eos. Autem quibusdam doloribus et repudiandae consequatur vel voluptas.','rerum',77,NULL,'1988-10-21 22:07:38','1976-04-04 04:13:21'),(15,5,28,'Et qui nesciunt aliquam quia est aperiam officia. Et qui est voluptas explicabo aut. Voluptatem incidunt quo quis saepe. Consectetur voluptas expedita labore reiciendis omnis necessitatibus. Nam officia est nihil non est odit.','suscipit',0,NULL,'2011-04-16 11:13:14','1970-07-02 11:45:21'),(16,6,83,'Et consequatur in reprehenderit molestias in et commodi. Repellat dolor magni deserunt labore voluptas. Eius magni cum hic quis.','architecto',165,NULL,'1990-10-17 19:10:12','1981-09-06 16:21:37'),(17,7,16,'Et ab iusto tempora quia culpa et illum non. Sunt facere voluptatem qui error aut. Facilis molestias quos et vel laborum quis dolorem optio.','ducimus',9,NULL,'1996-05-06 07:44:46','1989-05-18 13:45:39'),(18,8,96,'Omnis totam atque veritatis nesciunt nisi. Provident possimus expedita numquam saepe provident. Aut velit id ea doloremque voluptatum sed quidem. Quaerat velit omnis est voluptatum culpa esse quasi ea. Impedit earum accusamus aperiam iste autem aspernatur est.','nisi',61538513,NULL,'1975-03-06 14:42:31','2011-04-27 14:08:14'),(19,9,37,'Illo dicta sint in voluptate non. Dicta sit debitis sunt sit ratione. Nam quia quidem est fugiat.','quas',25,NULL,'1993-10-26 23:41:14','1994-01-06 11:09:57'),(20,10,53,'Accusantium ab consequatur repellat fugiat illo est. Tenetur non qui et aperiam corrupti. Aut amet accusamus voluptatum qui vel. Consequuntur est incidunt deleniti nemo dicta est labore.','consectetur',851,NULL,'2016-12-23 17:54:49','1989-08-05 13:55:30'),(21,1,63,'Ea et error magnam. Assumenda et deserunt quo ipsum. Ut ab molestiae vero blanditiis nihil nesciunt earum.','voluptas',22408,NULL,'2020-01-16 14:45:06','1976-04-15 06:26:28'),(22,2,43,'Optio voluptatem debitis inventore omnis debitis. Consequatur perspiciatis rem ut eos voluptas. Velit omnis occaecati nobis perferendis tempora mollitia.','magnam',6106,NULL,'1977-06-20 23:40:19','1977-12-31 21:47:26'),(23,3,16,'Et pariatur voluptate mollitia neque numquam beatae qui. Voluptatem non ipsa aut eos molestiae. Dignissimos non corrupti aperiam magni explicabo.','beatae',913721935,NULL,'2017-09-20 23:44:00','1976-02-20 04:32:06'),(24,4,12,'Odio voluptas quam qui rerum neque enim placeat tempora. Facere id minus pariatur dicta. Ut nam aut doloribus nostrum et quod quas.','nostrum',11055662,NULL,'1981-10-07 00:23:55','1993-12-21 06:23:18'),(25,5,29,'Corrupti natus et aut voluptatum. Saepe commodi qui autem id ut pariatur. Inventore amet aliquid ut vel.','qui',2110,NULL,'1995-06-19 16:39:23','1999-04-29 20:03:26'),(26,6,78,'Perspiciatis ratione consectetur consequatur consequatur quia sint. Voluptatem aut asperiores odit qui magnam corporis mollitia quam. Accusamus minima tempore delectus hic.','voluptatem',5040867,NULL,'2018-02-09 05:52:34','1990-10-12 18:50:52'),(27,7,17,'Ratione quod provident possimus reiciendis ut et laborum. Fugiat amet est cupiditate. Numquam natus aut eum consequatur sed ut deleniti quo.','expedita',319,NULL,'1984-04-03 00:13:47','2008-03-19 14:35:06'),(28,8,21,'Molestias debitis quisquam magni explicabo consequatur velit. Ut illo consequatur molestias id tempora aperiam quae. Esse quae voluptatem provident maxime aspernatur ab sed est. Ut itaque incidunt expedita fugit nostrum similique provident.','odit',5,NULL,'1970-06-19 10:44:07','2005-12-17 18:00:05'),(29,9,84,'Quia ab autem debitis a. Blanditiis dolor error dolor et mollitia officia debitis. Dicta eum ea quos ipsam laborum pariatur.','voluptas',9444,NULL,'1986-12-22 03:21:06','1985-02-19 16:01:01'),(30,10,86,'Velit aut odio labore esse. Reiciendis consequatur deleniti porro qui. Ut alias nulla aut culpa.','et',413,NULL,'2005-12-23 06:04:48','2010-02-23 11:57:38'),(31,1,95,'Tenetur autem consequatur possimus qui laudantium perferendis quasi. Voluptas beatae neque corporis dolor nobis. Hic mollitia eligendi facilis ut. Ipsa repudiandae aut aliquam qui.','voluptatem',60573,NULL,'1991-08-15 07:25:43','1971-01-10 23:47:37'),(32,2,11,'Odit aut suscipit cumque quia. Omnis modi officia est officia. Expedita velit autem voluptatem.','ex',636346829,NULL,'1976-03-12 15:19:48','1971-08-11 00:56:43'),(33,3,3,'Ex maxime dolorem et atque cumque debitis earum enim. In similique voluptatibus saepe ut et quae consequatur sit. Temporibus est totam recusandae exercitationem. Minima nihil quia amet accusamus. Quas error dignissimos maxime placeat molestiae.','accusamus',88,NULL,'2006-02-06 21:15:07','2014-05-24 10:45:57'),(34,4,98,'Qui voluptatum inventore ut repudiandae aperiam. Dolorem explicabo autem qui voluptatem ea. Quia autem magni perspiciatis debitis quam.','ut',5602664,NULL,'1995-11-09 00:26:37','1989-05-24 00:48:17'),(35,5,48,'Molestias velit suscipit ut rerum quos totam nihil. Voluptatem eligendi in cum non qui accusamus quia. Facilis eaque consectetur inventore et ut.','modi',45,NULL,'1991-11-18 00:26:40','2009-02-25 01:22:40'),(36,6,42,'Corporis libero dignissimos qui. Ducimus non alias ut sapiente. Aut sit quibusdam iusto dolor. Sit natus ut odio error quasi quia.','sunt',469,NULL,'1983-04-06 21:43:16','1988-02-12 02:29:22'),(37,7,57,'Deserunt nam possimus quasi commodi. Pariatur explicabo praesentium incidunt rem modi. Nostrum beatae maiores tenetur doloribus qui. Ut doloribus quis beatae ut odit.','voluptatum',5769624,NULL,'1978-03-19 07:11:41','1983-11-15 18:16:38'),(38,8,66,'Error minima magni quam eum consequatur temporibus quisquam. Eveniet nam cumque non aliquam libero. Iure voluptas consequatur omnis eos quisquam sint.','assumenda',20091,NULL,'2015-09-12 18:12:01','2018-12-23 05:59:09'),(39,9,19,'Incidunt provident et consequatur nisi dolor. Voluptatem officiis consequatur voluptatem ea voluptatem et. Quas nostrum nesciunt placeat repudiandae tenetur consequatur adipisci.','sunt',82869,NULL,'1976-12-06 20:15:48','2000-02-15 12:46:25'),(40,10,96,'Quam sit est quia doloribus quibusdam. Consequatur vero quo voluptatem hic aut. Minima quasi est ipsum dignissimos. Eligendi aspernatur nemo ipsum dolorem.','occaecati',52634,NULL,'1979-05-24 17:48:49','1973-01-20 06:56:24'),(41,1,34,'Error facilis aut aut harum ea eos doloribus. Velit ut harum ullam et facere et saepe dignissimos. Excepturi voluptate qui odio dolorum rerum fuga. Qui dolor rem dolore consequatur eos consequatur est sint.','voluptas',121254,NULL,'1999-05-27 01:36:40','2012-06-29 00:11:17'),(42,2,37,'Labore aut architecto et numquam rerum. Totam voluptatibus est distinctio harum inventore qui. Dolores commodi quos error blanditiis nihil similique animi.','quia',826644,NULL,'1977-07-09 02:37:19','2008-07-20 08:07:49'),(43,3,83,'Harum sed voluptate aliquam voluptatibus. Quo labore fugiat totam. Sequi perspiciatis sit voluptates quo quia molestias omnis odit.','voluptates',59973,NULL,'1973-01-23 22:12:36','1971-02-19 17:01:22'),(44,4,19,'Aperiam aliquam voluptatibus eius dolor similique quae. Aut aut similique corporis velit distinctio quis. Quibusdam occaecati voluptatem dolorem id non vel. Consectetur quo sit illum vel cupiditate.','vel',2854,NULL,'1983-08-06 03:03:45','2011-09-18 00:43:08'),(45,5,49,'Sapiente aut praesentium consequatur consequatur. Voluptas officiis veniam quia quae dolore magni. Aut ipsam provident enim. Sed qui quae qui est dolores.','enim',140,NULL,'1977-08-30 06:48:01','1995-08-21 03:07:28'),(46,6,11,'Eos modi id sequi ab earum quibusdam dolor voluptate. Deserunt commodi possimus mollitia molestiae. Omnis saepe inventore maxime temporibus eius.','quis',487238637,NULL,'1998-08-04 05:05:54','1990-05-22 15:49:50'),(47,7,2,'Recusandae quos quis ut omnis. Quas id vitae aliquam. Ducimus laudantium veritatis officiis fugiat non cum.','odit',0,NULL,'2014-05-18 02:18:33','2000-12-01 08:31:47'),(48,8,64,'Rerum repellat laborum et numquam sequi dolorem. Qui architecto consequuntur qui dolor autem. Consequuntur vero cumque sequi tenetur nihil. Eaque asperiores quam eveniet optio.','autem',64995714,NULL,'1991-04-15 11:01:30','1995-01-02 06:34:53'),(49,9,6,'Eveniet id dolores consequatur consectetur expedita. Illo esse inventore animi officia. Quo omnis quia officia minus vel dolores. Vitae corporis sit corrupti sed incidunt nobis.','nihil',92124824,NULL,'2012-01-31 12:19:29','1974-02-21 19:53:36'),(50,10,38,'Ut delectus doloremque voluptatem nihil ut. Quis et pariatur quasi vel. Odio incidunt qui nesciunt veritatis deleniti veritatis alias. Sit vel ducimus voluptate dolorem non quis occaecati.','asperiores',3181639,NULL,'2005-03-27 08:29:06','1995-12-27 07:29:42'),(51,1,17,'Quis libero alias labore deleniti qui et. Facilis magnam fugiat dolore. Quaerat ut maiores nisi est culpa ea a delectus. Dolor rerum esse id sapiente laboriosam nisi ea.','ut',0,NULL,'2013-09-25 00:20:38','2009-07-19 17:44:55'),(52,2,69,'Inventore ut voluptatem velit et quia. Consequatur voluptate recusandae quia quia.','incidunt',0,NULL,'2006-11-28 08:23:14','1989-04-20 13:44:21'),(53,3,81,'Nam perspiciatis sed perspiciatis autem saepe voluptas quis. At doloremque labore ea dolore. Aliquam autem porro facilis.','magni',0,NULL,'1981-02-03 22:00:18','2007-02-11 04:00:38'),(54,4,32,'Ex quos eos dolores sit voluptatem sed. Quod explicabo voluptatem voluptate consequatur. Atque facilis ut architecto enim. Quibusdam accusamus dolorum veniam ab natus quod animi.','accusantium',0,NULL,'1986-02-15 06:26:10','2013-06-20 14:00:01'),(55,5,80,'Quas doloribus illo sit assumenda. Possimus ducimus minus dolor omnis accusamus omnis. Quia aliquam eius est repudiandae.','cupiditate',764975069,NULL,'1986-09-29 14:34:21','1990-03-08 22:14:35'),(56,6,9,'A non maxime labore ipsa culpa. Facilis laboriosam aut voluptate. Officia dolorum sunt quidem voluptatum delectus aut quaerat vel.','quae',609600789,NULL,'1970-09-15 16:27:30','2002-03-20 22:02:22'),(57,7,10,'Voluptatem repellat perferendis quia qui fugit hic. Ex accusamus tenetur qui distinctio placeat repellat et.','deleniti',9,NULL,'1974-07-10 02:10:57','1979-05-18 23:41:23'),(58,8,96,'Qui omnis non voluptate cumque. Sit veniam ipsam aut. Modi id qui vitae est consequatur.','iure',96,NULL,'2011-07-05 14:41:57','2004-02-21 13:52:17'),(59,9,29,'Labore necessitatibus repellendus ut ducimus aliquam provident praesentium. Aliquid quidem autem autem natus. Atque fugit non in exercitationem qui. Commodi dolorum numquam et et itaque deserunt et.','molestiae',564,NULL,'2003-07-23 05:02:31','2017-10-27 05:30:51'),(60,10,93,'Quis hic nisi eum quidem mollitia ut pariatur nemo. Praesentium est et ipsum praesentium ut ipsam. Ut similique sapiente necessitatibus a quas dolor commodi.','sit',120,NULL,'2008-07-14 10:43:55','1988-04-06 19:41:38'),(61,1,82,'Cum nesciunt possimus similique qui. Facilis non eos nostrum necessitatibus repellat neque animi. Sit odio laudantium doloribus est eaque asperiores. Iusto enim eligendi voluptatem molestias inventore autem praesentium.','est',2781403,NULL,'2012-03-10 09:51:23','1975-08-23 23:03:15'),(62,2,24,'Distinctio est eos porro placeat nostrum quidem beatae. Facere voluptatem voluptatem sit sunt fuga voluptatem voluptatibus repudiandae. Consequuntur sed omnis et quia sit.','rerum',88766,NULL,'1985-11-13 23:06:14','2021-11-08 12:39:43'),(63,3,4,'Laboriosam voluptates consequuntur nam in. Quo sint tempore excepturi cupiditate sunt. Occaecati et minima qui explicabo amet suscipit.','fuga',0,NULL,'1991-03-31 03:03:27','2000-02-12 21:35:14'),(64,4,84,'Tempora voluptatem autem debitis debitis. Suscipit harum aut natus qui quo hic nobis. Sunt adipisci corporis atque sunt omnis natus explicabo sunt. Atque mollitia et modi dolorem.','aut',371,NULL,'2005-11-20 08:26:00','1981-01-20 11:57:01'),(65,5,21,'Aut voluptatem hic aspernatur voluptatem ipsam. Nihil cumque atque incidunt deleniti. Magni labore repellat debitis doloribus est qui. Sequi reprehenderit molestiae vel optio et minus. Voluptas similique quas rerum perspiciatis similique quam.','minima',37780643,NULL,'1993-06-15 02:33:12','2019-01-04 12:27:46'),(66,6,51,'Est in ratione suscipit ut. Excepturi enim eos libero distinctio distinctio eum. Odio et consequuntur tempore maiores perspiciatis non numquam.','non',81187,NULL,'1975-05-04 11:49:45','1995-05-02 02:30:51'),(67,7,26,'Qui et aspernatur repellendus dolore ut. Quia architecto voluptates accusamus alias. Accusamus cum sint quisquam ut tempora atque. Omnis atque reiciendis odit in est sit adipisci necessitatibus. Omnis qui veniam dolorem iure ut doloribus odit.','quos',919130696,NULL,'1994-07-22 16:23:40','1984-07-08 21:18:13'),(68,8,78,'Accusantium est cumque repudiandae. Est qui quo officia vel. Amet quia alias sit expedita ipsam voluptatem commodi.','sed',759890716,NULL,'1997-01-09 11:04:27','1981-01-08 12:51:02'),(69,9,16,'Ut ipsam tempore quam aliquid veritatis adipisci nostrum. Rerum a voluptas quasi et. Aliquam et quis illo laudantium.','voluptatum',0,NULL,'1996-12-15 20:21:04','2014-06-06 15:39:31'),(70,10,44,'Eos tempora quae ut ut. Sint eveniet at ea consequuntur et tempora voluptatem occaecati. Voluptatum voluptatem mollitia dolor quos autem. Velit minima eveniet corporis tempora laborum et.','occaecati',0,NULL,'1984-03-04 08:32:09','1971-04-14 16:40:51'),(71,1,73,'Quia omnis molestiae dicta aliquam aut nihil. Fuga sint enim aut et. Veritatis dolorum aliquam eum quo voluptates. Aut facere sint aut qui non rem ab. Atque aperiam dolor voluptatum porro amet voluptate.','id',88194,NULL,'2008-01-19 00:58:15','1995-09-13 18:55:08'),(72,2,50,'Non enim qui aut. Fuga maxime sint ab. Ut voluptas facilis cupiditate atque modi suscipit.','tenetur',0,NULL,'1989-04-26 11:38:46','1977-12-11 03:15:29'),(73,3,81,'Eum dolor dolor ullam autem velit perferendis voluptas dignissimos. Velit omnis molestiae nulla vitae quaerat.','vitae',2,NULL,'1984-08-12 00:21:43','1974-05-24 19:55:01'),(74,4,56,'Saepe sit velit laboriosam. Occaecati non dolor mollitia odit optio occaecati. Exercitationem expedita sed accusamus adipisci expedita.','rem',22,NULL,'2011-07-31 22:39:59','2015-11-19 22:46:37'),(75,5,68,'Veritatis amet molestiae perferendis ad qui. Excepturi dolores quae minima facilis. Deleniti odio blanditiis occaecati numquam. Incidunt in aut est consequatur non amet voluptatem non. Et doloribus enim odio sit eum sequi est nam.','ut',8761705,NULL,'2000-05-12 21:09:39','1980-05-30 05:30:15'),(76,6,29,'Non vel consequatur reprehenderit perferendis hic ut illum. Sed maxime explicabo maiores beatae. Praesentium voluptatem possimus sunt rem iste.','odio',55616,NULL,'1979-10-31 12:07:29','2006-11-02 18:20:49'),(77,7,66,'Reprehenderit accusantium aliquid esse aut voluptates rerum dolorem. Saepe iure ut architecto explicabo dolor tempora natus vel. Ad velit non hic architecto omnis.','nostrum',0,NULL,'2005-12-30 06:51:47','2007-08-21 02:19:46'),(78,8,69,'A reiciendis aut ex excepturi. Est nisi natus blanditiis magnam. Quis doloremque qui itaque quo.','temporibus',973,NULL,'2015-10-26 11:13:51','1994-04-05 20:24:22'),(79,9,93,'Repellat quis dolorem qui iusto. Inventore rerum a asperiores perspiciatis.','perferendis',234,NULL,'2018-01-16 22:35:26','2010-09-01 12:58:53'),(80,10,72,'Nesciunt iusto corporis exercitationem. Incidunt iste aspernatur reprehenderit debitis assumenda. Fuga magnam laborum dicta asperiores qui enim.','consectetur',162418236,NULL,'2007-12-07 17:55:45','2001-10-01 22:28:52'),(81,1,7,'Sint quis doloremque et rerum amet pariatur ipsam at. Dicta unde vel natus natus necessitatibus sapiente maiores. Autem dolores voluptas illo sit nemo quia. Ex et itaque aperiam aut voluptas sunt consequuntur.','sequi',2849704,NULL,'2001-05-28 01:09:41','2002-06-23 09:29:26'),(82,2,9,'Et impedit tempore maiores a a. Expedita non corrupti soluta commodi odio et aut. Et corporis ipsum nesciunt ullam. Dignissimos nihil quam doloremque praesentium tempore ut ut animi. Autem ut illum blanditiis reprehenderit qui corporis.','voluptate',8034,NULL,'1973-12-07 04:11:00','2009-01-24 00:24:08'),(83,3,40,'Vitae aliquid est eos deserunt. Eligendi cumque incidunt dolores ea consectetur qui ipsum. Similique blanditiis ipsa vel odio quidem sint. Ab reiciendis doloremque vitae molestiae.','adipisci',85,NULL,'1987-05-13 21:57:33','1972-12-16 16:03:11'),(84,4,87,'Mollitia omnis suscipit similique officia sapiente atque enim. Esse rerum laudantium adipisci id debitis labore ullam. Deserunt id dolores fugiat numquam laborum neque.','similique',90,NULL,'2000-10-21 07:16:10','2010-03-28 00:19:52'),(85,5,41,'Cupiditate facere ut itaque asperiores sit. Excepturi voluptate quia tenetur. Iusto adipisci est iste. Saepe sed est et.','qui',71,NULL,'2012-10-10 16:15:31','2018-09-15 14:11:47'),(86,6,19,'Sint voluptatem sequi facere non laudantium tenetur. Quod nisi id iste doloribus quis odio cum vitae. Odit est assumenda sed.','voluptatem',9375054,NULL,'2015-04-10 07:12:02','1971-02-10 13:11:06'),(87,7,95,'Recusandae tempora vero aut nobis facilis quae quae doloremque. Quos sit soluta voluptatem inventore. Molestiae voluptatem qui et eum eos. Placeat enim omnis et laudantium et molestias. Aut quidem et aperiam dolor veniam.','sint',40438,NULL,'1996-10-17 03:41:29','2010-04-09 22:05:08'),(88,8,50,'Velit ex consequatur in nam deleniti est. Eum harum tempore ea voluptatem et vel perspiciatis. Rerum ipsa eius qui reiciendis minima. Ut consequatur error voluptatem perferendis illo aut.','cumque',240,NULL,'2013-05-19 09:09:03','2015-12-02 23:39:54'),(89,9,15,'Excepturi quia debitis sed recusandae quaerat deserunt et. Ea dicta rerum dolores et non illo iure. Placeat ex accusantium id possimus dolores exercitationem. Rerum maxime aut voluptas exercitationem.','cumque',4989666,NULL,'2006-01-05 18:33:48','2004-07-28 05:18:56'),(90,10,24,'Eius beatae blanditiis debitis nihil aperiam labore eligendi. Occaecati ipsam consequatur soluta aut iusto dolorem. Et in autem autem odit blanditiis quia.','enim',744,NULL,'1977-04-26 13:57:00','2008-03-25 18:54:36'),(91,1,43,'Quaerat eligendi dolor fugiat aut expedita. Non nobis ad eaque deserunt voluptates illum. Excepturi praesentium debitis cupiditate voluptatum neque nihil aut alias. Animi perspiciatis impedit voluptatem quia illo.','enim',8908,NULL,'1991-05-27 23:09:28','1981-04-13 12:33:49'),(92,2,96,'Sit exercitationem ullam praesentium fugit similique quia quae. Reiciendis voluptas eos excepturi ex exercitationem. Illum sit aut error ipsum. Consectetur aliquam repellendus minus nam.','dolorem',2342,NULL,'1972-04-12 21:03:19','2020-05-23 10:38:36'),(93,3,48,'Similique animi qui nihil sapiente saepe eius. Voluptatem doloribus sit ea provident accusantium. Omnis alias rerum corrupti consequatur iusto. At ea repellendus libero quae vitae expedita blanditiis.','facilis',64,NULL,'1999-08-01 17:14:16','1976-06-20 09:46:39'),(94,4,46,'Non laudantium ut nihil molestiae numquam. Et eos cumque optio repellendus est nihil.','omnis',2166,NULL,'1993-07-01 11:52:06','1986-01-06 07:07:42'),(95,5,80,'Voluptatem maxime eum eaque. Ut nesciunt voluptate non rem facere accusantium consequuntur. Cumque nulla ipsum ducimus accusantium.','est',353887178,NULL,'1995-06-16 01:56:07','1983-12-01 04:19:52'),(96,6,68,'Ea rerum nam voluptate. Et eligendi iure est accusamus velit nihil quam. Impedit sit ullam debitis voluptate libero corporis iusto. Est delectus laboriosam fugiat modi natus eum.','et',89460,NULL,'1993-10-11 07:05:52','1977-01-10 04:41:44'),(97,7,96,'Qui ipsa et amet provident praesentium. Pariatur consectetur doloribus dolorem veniam aut animi. Et eligendi adipisci numquam aliquid pariatur minus debitis quasi.','sunt',553138,NULL,'2002-03-23 09:45:48','1999-09-28 22:26:35'),(98,8,5,'Culpa ut cum tenetur nostrum voluptate ipsam. Ducimus reiciendis beatae officiis. Cum quae ut et ut nemo ratione est.','omnis',9483,NULL,'2005-09-01 05:25:00','1983-09-11 07:36:14'),(99,9,46,'Libero optio alias temporibus esse. Dicta dolorem saepe omnis recusandae nihil. Est quo fugit aspernatur cupiditate perferendis aut aut.','est',3,NULL,'2010-02-17 12:47:54','1994-02-07 21:35:42'),(100,10,12,'Ut et quo tempore. In et et incidunt id. Officia earum voluptatum praesentium tenetur.','quas',618537,NULL,'1988-05-09 18:18:12','1998-12-20 14:31:24');
/*!40000 ALTER TABLE `media` ENABLE KEYS */;
UNLOCK TABLES;

--
-- Table structure for table `media_types`
--

DROP TABLE IF EXISTS `media_types`;
/*!40101 SET @saved_cs_client     = @@character_set_client */;
/*!40101 SET character_set_client = utf8 */;
CREATE TABLE `media_types` (
  `id` bigint(20) unsigned NOT NULL AUTO_INCREMENT,
  `name` varchar(255) COLLATE utf8mb4_unicode_ci DEFAULT NULL,
  `created_at` datetime DEFAULT current_timestamp(),
  `updated_at` datetime DEFAULT current_timestamp() ON UPDATE current_timestamp(),
  PRIMARY KEY (`id`)
) ENGINE=InnoDB AUTO_INCREMENT=11 DEFAULT CHARSET=utf8mb4 COLLATE=utf8mb4_unicode_ci;
/*!40101 SET character_set_client = @saved_cs_client */;

--
-- Dumping data for table `media_types`
--

LOCK TABLES `media_types` WRITE;
/*!40000 ALTER TABLE `media_types` DISABLE KEYS */;
INSERT INTO `media_types` VALUES (1,'quis','2001-02-15 03:28:19','1974-07-29 18:05:45'),(2,'eum','2003-01-01 14:17:05','1974-03-21 15:49:57'),(3,'porro','1980-06-06 02:28:42','1980-12-17 05:05:16'),(4,'totam','2020-10-08 20:45:33','1997-01-08 14:34:34'),(5,'vitae','1992-04-24 10:33:11','1990-07-17 13:17:09'),(6,'optio','1989-10-18 14:49:43','1979-04-14 10:40:53'),(7,'unde','2008-05-19 12:36:28','1977-03-23 08:34:00'),(8,'reprehenderit','2011-10-21 22:56:36','1986-09-13 03:55:26'),(9,'vitae','1980-11-25 17:47:21','2015-09-25 20:52:09'),(10,'illum','2007-05-18 07:16:37','2014-09-27 09:11:33');
/*!40000 ALTER TABLE `media_types` ENABLE KEYS */;
UNLOCK TABLES;

--
-- Table structure for table `messages`
--

DROP TABLE IF EXISTS `messages`;
/*!40101 SET @saved_cs_client     = @@character_set_client */;
/*!40101 SET character_set_client = utf8 */;
CREATE TABLE `messages` (
  `id` bigint(20) unsigned NOT NULL AUTO_INCREMENT,
  `from_user_id` bigint(20) unsigned NOT NULL,
  `to_user_id` bigint(20) unsigned NOT NULL,
  `body` text COLLATE utf8mb4_unicode_ci DEFAULT NULL,
  `created_at` datetime DEFAULT current_timestamp(),
  PRIMARY KEY (`id`),
  KEY `from_user_id` (`from_user_id`),
  KEY `to_user_id` (`to_user_id`),
  CONSTRAINT `messages_ibfk_1` FOREIGN KEY (`from_user_id`) REFERENCES `users` (`id`) ON DELETE CASCADE ON UPDATE CASCADE,
  CONSTRAINT `messages_ibfk_2` FOREIGN KEY (`to_user_id`) REFERENCES `users` (`id`) ON DELETE CASCADE ON UPDATE CASCADE
) ENGINE=InnoDB AUTO_INCREMENT=101 DEFAULT CHARSET=utf8mb4 COLLATE=utf8mb4_unicode_ci;
/*!40101 SET character_set_client = @saved_cs_client */;

--
-- Dumping data for table `messages`
--

LOCK TABLES `messages` WRITE;
/*!40000 ALTER TABLE `messages` DISABLE KEYS */;
INSERT INTO `messages` VALUES (1,1,42,'Aut ex eos nobis repudiandae aut ea delectus. Cum ea eveniet minima. Molestiae assumenda dolorem est est nesciunt sint animi ad.','1986-09-06 06:39:11'),(2,2,95,'Est quis maxime quaerat et similique sit sint. Iusto magni provident at optio et aut omnis. Omnis rem perferendis et quo dicta ex. Est laborum saepe eveniet.','2003-01-10 17:10:22'),(3,3,12,'Nam consectetur perspiciatis minus. Labore nihil ab ut incidunt voluptatum. Molestiae voluptatem aut enim sed quis. Vel odit vel molestias accusamus dolore totam.','2018-09-14 18:42:52'),(4,4,38,'Nostrum itaque nam repudiandae illum. Cumque et praesentium consequatur dignissimos voluptatem officia. Nam omnis at ullam ex. Expedita hic rerum velit soluta natus.','2002-04-24 14:57:48'),(5,5,66,'Error et ex fuga ratione molestiae ducimus. Voluptate saepe illum ipsum eaque totam. Adipisci placeat ex tempore dolorem. Sint harum aut consequuntur.','1980-12-23 22:18:13'),(6,6,23,'Quasi eos ratione possimus vitae. Quasi aliquam atque quisquam voluptatum. Aut nobis omnis iure. Aliquam quia recusandae consequatur aspernatur rerum et minus.','2000-12-22 13:51:11'),(7,7,20,'Eos ipsum consectetur accusantium voluptatem qui id et modi. Accusantium sint culpa aperiam molestiae. Et non qui aut ex. Doloremque ab ut ea nihil a.','1996-01-08 16:09:55'),(8,8,42,'Eveniet autem a quia cumque velit. Eius sit animi molestiae. Voluptatem omnis cupiditate quis quia omnis. Ut architecto sunt quis qui est.','1995-12-16 13:07:20'),(9,9,87,'Est cum magnam dolore maiores nesciunt. Quo ea sit temporibus quia sed quas repudiandae in. Consequatur delectus itaque eveniet sapiente ipsam laboriosam omnis. Ut quos molestiae occaecati eligendi facere velit non.','1990-04-13 06:13:02'),(10,10,3,'Cupiditate ipsum impedit veniam et pariatur perferendis enim. Corporis veritatis et laudantium asperiores soluta. Est maiores corporis tempora omnis magnam autem.','1993-03-14 10:24:51'),(11,11,75,'Ut architecto non enim sit. Dignissimos voluptate nihil consectetur deleniti blanditiis quaerat. Error non accusantium repellat qui ut iure.','1989-11-02 01:45:35'),(12,12,41,'Hic at molestiae sed quasi debitis. Quia nulla eos ea laborum facere animi odit officiis. Dolorem et ut autem dolor. Reiciendis et dolorum et eveniet dolor.','2013-04-01 22:47:04'),(13,13,56,'Ipsum dicta officia sit. Ut dolorem itaque qui vel nobis. Cumque illum nulla neque magni reprehenderit.','1983-08-19 07:19:16'),(14,14,23,'Quae vero est expedita corporis aperiam. Consectetur laborum soluta placeat ea reiciendis. Animi est tempora distinctio iure sunt. Hic velit aut possimus aut.','1997-07-12 16:55:26'),(15,15,84,'Enim maiores et et et quisquam. Consequatur maxime fugit voluptas tempore eos unde nisi. Aspernatur omnis reprehenderit excepturi ut. Possimus repellendus laboriosam quidem in minima.','2008-02-17 05:57:46'),(16,16,4,'Odit repudiandae facere aspernatur architecto aut. Voluptatem rerum aspernatur hic delectus expedita laudantium. Qui quasi libero blanditiis nam a earum ut.','1987-07-14 16:48:07'),(17,17,56,'In repudiandae amet error. Fugit necessitatibus veritatis maxime recusandae velit. Nesciunt omnis soluta vel quos rerum blanditiis. Non iusto eveniet sapiente blanditiis ratione aut consequatur. Architecto facere a impedit doloribus amet.','1983-03-18 04:49:40'),(18,18,12,'Voluptate ut neque consectetur id in et possimus. Sed et impedit sed aut laboriosam consequatur. Asperiores voluptate neque nihil.','1997-12-25 20:57:32'),(19,19,48,'Voluptatibus similique recusandae et officia fugit. Repellendus ut voluptate molestias est. Modi non non omnis officiis mollitia quas natus. Et cumque voluptatum nostrum fugiat molestiae.','1970-04-23 05:59:42'),(20,20,97,'Est asperiores quis hic eligendi aut. Suscipit consequuntur autem dicta. Dicta nemo quae adipisci nobis nihil non.','2007-12-21 10:48:43'),(21,21,41,'Ipsa corrupti error voluptatem. At quia ad voluptatem quas velit ut optio. Ut rem alias earum ut. Facere eos aut necessitatibus necessitatibus sed hic.','1971-01-15 21:43:36'),(22,22,97,'Natus magni et quaerat nisi ducimus vitae et. Ea doloremque quia praesentium eaque eius eum. Ea veniam saepe voluptates debitis officiis non.','2006-01-08 14:32:24'),(23,23,58,'Dolores veritatis dolore eligendi aut iste. Beatae itaque voluptatem voluptas iste facere repellendus. Dolor enim enim voluptas quae veritatis perferendis. Eum vitae et fugiat molestias hic odit.','1976-02-03 11:52:28'),(24,24,29,'Et facilis tempore necessitatibus ex. Et incidunt vitae ex voluptas. Rerum explicabo explicabo eos cupiditate quos dolorem.','2001-06-20 22:41:34'),(25,25,44,'Voluptatem architecto asperiores et officia. Autem at ad voluptatem quia.','2014-07-17 14:31:40'),(26,26,77,'Quisquam consequuntur odio in vel soluta. Facilis repellendus est earum omnis et. Tempora vel architecto tempore sunt quia.','1979-06-16 14:32:14'),(27,27,81,'Reiciendis vitae quia suscipit corporis. Repellendus autem mollitia debitis unde eveniet quis omnis.','2019-01-21 20:31:17'),(28,28,3,'Et id accusantium et voluptas nobis illum. Facilis dolorum reiciendis rerum modi et quas doloremque. Deserunt impedit laudantium amet omnis libero exercitationem et. Tenetur cum cumque molestiae eum.','2021-12-14 11:12:12'),(29,29,13,'Architecto necessitatibus repellat voluptatem itaque illo est est. Aut a quo quis et occaecati unde quae. Et esse dolor accusantium aperiam repellat rerum blanditiis.','1978-06-12 06:31:40'),(30,30,18,'Labore sunt error et vitae iusto est. Ratione dolor eaque nihil ratione et atque occaecati. Sed perspiciatis enim incidunt.','2022-04-30 17:09:10'),(31,31,55,'Rem qui et eaque illo ab earum a. Id ut laboriosam fugiat quidem rerum molestiae vel. Voluptatem quia amet nisi id ut dolor libero. Maiores ea minima qui est.','2020-09-16 09:11:26'),(32,32,55,'Unde velit eum possimus illum modi distinctio vero. Qui modi aut aspernatur voluptatem nemo consequatur omnis. A sapiente animi commodi sint quis sed. Debitis voluptatem voluptatem omnis eos tempora soluta.','2000-09-03 06:24:25'),(33,33,12,'Laudantium quia et qui veniam. Voluptate facere vel facilis ab reprehenderit pariatur. Perspiciatis rerum tempore quos consequatur et.','1976-09-17 23:36:35'),(34,34,66,'Maiores perferendis consectetur illum adipisci. Nulla iste modi possimus exercitationem vero quaerat. Dolorem unde provident amet nihil. Et et autem ut aliquid. Similique libero ut facere repudiandae dolorum mollitia.','2021-08-18 19:01:20'),(35,35,92,'Aspernatur est dolore doloribus voluptas quis. Tenetur non quasi sint enim. Praesentium fugiat pariatur molestias incidunt et et et. Doloribus enim voluptas a amet. Alias excepturi quia eum dignissimos.','1985-04-22 03:49:25'),(36,36,78,'Incidunt id sapiente qui accusantium non. Omnis dolorem corporis occaecati qui. Omnis nesciunt voluptate earum error mollitia nisi exercitationem.','1989-01-06 16:43:15'),(37,37,89,'Laborum reprehenderit quos similique eum error. Neque et praesentium quibusdam saepe doloremque. Veniam eaque autem at neque velit cupiditate quisquam aliquid. Nam ducimus quis earum minima qui.','1998-12-31 07:04:53'),(38,38,12,'Aspernatur hic cum quis dolorum minus quas. Placeat vero a expedita est molestiae. Id repudiandae sunt quos placeat sequi corporis. Dolorem itaque odit vel quia dolorum neque sed.','1980-01-23 04:25:33'),(39,39,20,'Totam rem quis asperiores possimus. Et impedit quia fugit consequatur voluptas et sint. Voluptatem sequi qui eligendi velit unde et. Modi nemo doloremque tempore molestiae eum distinctio.','1999-02-02 22:01:31'),(40,40,76,'Non commodi enim praesentium explicabo a esse fuga. Doloremque vero aut vel maxime sint doloremque neque. Est sequi perspiciatis vitae placeat corporis est ut. Enim ut quisquam vel aut perspiciatis.','1976-01-06 12:55:53'),(41,41,15,'Placeat laborum cum porro fuga. Deleniti sunt cum dolorum adipisci iusto nemo. Aperiam incidunt fuga et fuga.','1992-09-11 02:45:11'),(42,42,95,'Odit vel eaque eos quasi magni aut. Ut quasi beatae rem magnam. Et at odit rerum. Consequatur esse quo iste accusamus voluptas et iure.','1997-08-17 23:57:16'),(43,43,17,'Ad iure necessitatibus rerum nesciunt autem quis suscipit. In quia consequatur ut accusantium. Laudantium porro sunt et quis natus. Eos commodi corrupti nulla necessitatibus quidem.','2012-05-10 17:35:56'),(44,44,71,'Aliquam aliquid voluptatem repellat suscipit. Consequatur doloremque voluptas et accusantium fuga.','1997-06-08 01:37:39'),(45,45,17,'Sed animi optio dolores ea sed adipisci. Officiis tenetur qui enim voluptatem. Sit dolore non vel hic sit veritatis. Totam possimus sint dicta nulla minus officia.','1999-07-12 07:14:34'),(46,46,100,'Id sed vel debitis provident rerum beatae. Delectus aut temporibus laborum ut cumque tempore unde. Aut sit cum molestiae porro sint aliquid totam.','2006-09-02 20:39:44'),(47,47,74,'Eligendi sit repellendus quam unde ipsam. Quo quae non nihil quia voluptas rem sint. Qui est ut animi non et sint cumque velit. Ab sit aut officiis ut qui quaerat qui ut.','2021-09-17 07:00:22'),(48,48,73,'Architecto aut qui tempora reiciendis expedita. Dolores perspiciatis error sed ut dolor fugit voluptates. Nulla dignissimos quia corrupti praesentium quia ut.','2017-05-06 13:59:16'),(49,49,11,'Nam ipsam voluptatem odio cupiditate excepturi. Inventore provident nesciunt aliquam incidunt. Est aliquam cum repudiandae excepturi harum.','2003-11-18 08:40:45'),(50,50,21,'Id optio blanditiis sit fuga quae nesciunt. Perspiciatis et unde fuga beatae. Est a quasi temporibus consequatur. Odio consectetur quam nihil quia.','1997-11-30 14:52:08'),(51,51,69,'Sunt voluptatem sunt et aut eum. Ut aperiam sed et maxime aut illum.','1970-05-15 14:04:36'),(52,52,51,'Eveniet est a non quia. Nesciunt ex ducimus itaque maxime impedit. Quia recusandae totam earum ea suscipit in.','2008-09-23 18:05:53'),(53,53,18,'Ut inventore quasi architecto aliquid laboriosam aut. Quia veniam et perspiciatis suscipit architecto totam. Maiores dignissimos sequi id libero laborum quo ut.','1989-10-16 01:48:23'),(54,54,26,'Et sequi ad est et sint distinctio eos. Temporibus et possimus et. Ipsa vel temporibus doloremque soluta hic voluptatem facere voluptatem. Est nesciunt quidem facere debitis molestias.','2005-11-16 08:00:24'),(55,55,80,'Sed dignissimos quis quos placeat nam cumque. Quo alias nihil id eum pariatur voluptatem. Consequatur dolores et eum deserunt non est. Tenetur accusamus recusandae explicabo distinctio voluptatem unde eius.','1973-12-31 04:25:50'),(56,56,62,'Ut adipisci quasi illum inventore facilis quae. Qui qui nulla repellat et sint.','2001-05-11 09:51:05'),(57,57,2,'Error consequatur similique inventore ut atque. Rem iure quia iusto explicabo sapiente laborum. Vel ut ut officiis doloribus sunt.','2005-07-09 03:16:07'),(58,58,61,'Explicabo quaerat sequi ipsum adipisci eos. Qui velit consequatur aut placeat voluptas molestias. Nostrum cum vero quae est eveniet eos.','2015-06-25 19:09:56'),(59,59,64,'Sit ea tenetur sunt sed. Quo non minus repellendus aut error. Ut laudantium accusamus totam itaque minima nisi et.','2021-04-03 08:32:55'),(60,60,15,'Asperiores exercitationem corrupti numquam id illum animi quasi. Error omnis totam repudiandae officia rem.','2015-07-12 11:25:01'),(61,61,78,'Consequatur beatae mollitia qui. Eos sapiente rem sequi facilis.','1972-06-22 00:20:38'),(62,62,19,'Numquam vitae ut laborum magnam. Excepturi assumenda ut aperiam sunt. Cum non numquam doloribus temporibus.','2021-09-03 03:11:25'),(63,63,69,'Dolores ex consequatur saepe. Omnis eos excepturi dolor quas aut mollitia. Hic in ut assumenda voluptatum aut aut.','1993-01-01 23:25:44'),(64,64,90,'Adipisci quia eligendi et est. Ducimus voluptatem enim et iusto magnam. Laboriosam dicta repudiandae non delectus. Qui tempore beatae nam perferendis pariatur sed qui aut.','1998-11-04 22:50:57'),(65,65,84,'Tempora architecto modi eveniet cupiditate et voluptatem. Fuga ut et est magni. Et rem iusto repellendus ut minima repellat ratione velit. Et et corporis facere sint tenetur voluptatem molestiae.','2007-01-13 00:45:11'),(66,66,61,'Quaerat nisi quia qui labore consequatur adipisci autem fugiat. Ratione architecto eaque quibusdam aspernatur aut omnis ut. Assumenda dolorum praesentium eum qui nihil magni.','1990-01-06 11:15:50'),(67,67,68,'Vero mollitia occaecati pariatur deserunt nisi. Inventore deserunt facilis provident sunt fuga modi. Praesentium qui beatae at est sit quisquam perferendis laborum. Est odio consequuntur praesentium voluptatem.','1987-10-18 02:17:10'),(68,68,73,'Eum quos et consequatur atque nemo quam. Sequi aut eius voluptatibus rerum molestiae repellat omnis. Numquam aut dolor placeat animi assumenda vel eligendi. Accusamus dolorem eligendi omnis ipsam qui voluptas.','2007-11-22 03:10:15'),(69,69,73,'Eveniet deserunt quis animi fugiat et quibusdam. Aut exercitationem doloremque quo eius. Molestias nisi consequatur sit quidem qui officiis. Quod vel possimus ut et.','1999-09-13 02:05:55'),(70,70,87,'Cupiditate corrupti aut est voluptatibus. Pariatur fugit sit dolor magni omnis nostrum tempore. Voluptas quos dolorem tempore qui eos.','2001-01-08 06:23:18'),(71,71,48,'Cumque quos a vitae rem minima. Molestias consectetur maiores soluta quam et quam facere. Possimus et in dolores odit blanditiis aut vitae.','2018-12-04 09:30:05'),(72,72,87,'Excepturi et voluptatem quo. Et earum velit ut. Delectus eveniet vero est ducimus at necessitatibus aut. Est aut quibusdam inventore perferendis architecto accusantium est eos.','2003-06-27 05:16:03'),(73,73,81,'Praesentium quam neque delectus. Commodi voluptas blanditiis distinctio repudiandae ex. Rerum est reiciendis ab.','2020-01-04 06:14:46'),(74,74,64,'Aut et asperiores et nulla. Doloremque inventore non sed animi aliquid vero. Cum sunt eos autem dolor.','2010-03-22 12:41:18'),(75,75,57,'Nostrum nemo eligendi voluptas et debitis quo quidem. Quia qui quasi est minima veritatis. Amet quos quam consequatur eaque maxime dignissimos. Ut omnis qui ad laborum id. Veritatis laboriosam et et natus.','1980-04-20 22:41:00'),(76,76,98,'Ut quae ea omnis voluptatum qui eius. Aut ea molestiae fugit repudiandae vitae pariatur. Eligendi assumenda amet modi qui. Culpa praesentium quia et voluptatibus alias ut.','2017-06-05 12:56:16'),(77,77,63,'Id deserunt soluta animi sunt non quod et. Excepturi doloremque distinctio quas commodi quia. Nisi voluptatem ut esse optio praesentium. Officia est quibusdam beatae.','1973-08-02 08:36:07'),(78,78,31,'Consectetur quisquam aliquam omnis. Accusantium omnis et eos perferendis expedita ea. Deleniti voluptatem corrupti esse non nostrum qui. Qui in sunt esse nihil perspiciatis.','2001-04-18 23:48:09'),(79,79,70,'Dolorem itaque eos et ut corrupti. Minus assumenda facere deserunt natus quae incidunt ut.','2007-08-08 03:09:05'),(80,80,74,'Qui iusto molestias rem quas quasi enim. Quia beatae facere consequatur. Aut fuga ullam voluptas ut maxime. Illo dolor a labore officia. Ea molestiae facilis et quam et minima nulla.','1976-11-04 21:40:37'),(81,81,52,'Cupiditate quos aliquam consequuntur debitis. Quasi sed ut quam officiis. Debitis sunt saepe praesentium doloremque. Vitae corporis et nobis et.','1990-10-20 00:22:07'),(82,82,38,'Sed suscipit harum cupiditate est. Est ut eligendi quia quis. Illum porro aut alias quisquam dolorum quos ducimus tenetur. Doloremque cupiditate ab voluptatibus quaerat.','1976-10-28 05:56:48'),(83,83,25,'Deserunt veniam qui aut veniam quia temporibus provident. Accusantium officia quia et placeat dignissimos nobis. Est est modi quis voluptatem nesciunt distinctio qui.','1991-07-08 17:13:12'),(84,84,69,'Error quia asperiores earum aut earum inventore minus voluptatem. Ut laborum porro facere. Voluptas sapiente ipsum dolores doloribus. Quo quia dolorem ipsum quo. Nobis mollitia exercitationem tempore.','2016-07-12 13:31:01'),(85,85,64,'Dolor quia omnis nihil sed illum id. Eveniet et explicabo laboriosam. Deserunt ea sit asperiores eveniet.','1981-11-07 23:41:28'),(86,86,5,'Consequatur sint quia illum corrupti mollitia molestias. Ut et ex dolorem. Debitis dolor quae voluptatum et. Molestiae asperiores debitis unde numquam.','1976-01-05 08:34:59'),(87,87,31,'Dicta facilis consequatur perferendis incidunt aut non. Autem voluptas vero in dolorem deleniti sed et. Dignissimos nihil et et neque. Doloribus accusamus magnam praesentium animi voluptatem autem est. Quis corrupti cumque adipisci numquam.','2020-08-10 18:49:50'),(88,88,65,'Ea ut ut et sed. Dolore fugiat totam atque dolores beatae. Ut ipsam sit iste inventore vel. Nulla aperiam maxime blanditiis quidem eveniet eos fuga.','1976-03-28 06:44:17'),(89,89,65,'Aperiam quibusdam voluptatem aperiam quasi. Possimus quis aut autem. Et eveniet ipsam nisi. Doloribus enim voluptas et quibusdam voluptatum sint facilis.','1993-12-29 23:20:40'),(90,90,94,'Numquam esse odit quasi enim explicabo impedit quo. Nobis ut omnis consequatur facilis nobis nam id. Nesciunt nemo accusantium quaerat voluptatem velit iure. Harum dolores reprehenderit magni atque ullam laboriosam.','1977-05-15 19:23:53'),(91,91,80,'Sit et qui quia et repellendus commodi libero. Odit natus architecto quas modi. Est magni eos voluptatem voluptas soluta libero. Sequi fugit perferendis est facere id quia est.','2000-02-05 02:27:57'),(92,92,43,'Nihil asperiores quisquam delectus hic qui architecto id tenetur. Aut libero sunt quisquam est.','2014-01-07 13:01:21'),(93,93,13,'Ut aperiam ratione molestias inventore enim. Quia facilis officiis omnis autem architecto soluta deserunt.','2000-01-04 07:16:56'),(94,94,48,'Sint tempora laborum veniam quasi. Et quam in et dolorum ut cupiditate iste.','1995-01-30 21:17:48'),(95,95,32,'Ullam maxime quidem id sunt et quas rerum. Veniam atque aut explicabo eum nostrum rerum hic sint. Sapiente molestiae quis cumque distinctio libero animi. Id maiores voluptatibus deserunt corporis error fugit labore.','1970-10-07 04:03:59'),(96,96,97,'Repellendus et itaque est qui esse. Voluptatum autem enim animi dicta. Corrupti molestiae ea aspernatur iure alias qui asperiores.','2009-02-03 09:18:06'),(97,97,9,'Esse in dicta quia adipisci corrupti dicta. Qui reprehenderit non voluptas ex veniam. Quo cumque et rerum ea consequatur veniam voluptatem amet. Pariatur dolor cumque aut esse. Omnis rerum aut sunt illo.','1983-12-07 16:28:07'),(98,98,99,'Quae molestiae doloremque sed. Excepturi recusandae excepturi qui et. Architecto blanditiis fugit ea ea eum quos labore qui. Mollitia suscipit dolores vel fugiat nemo atque sint dolore.','1975-09-04 05:44:35'),(99,99,69,'Natus laboriosam incidunt quia quos dolores nobis voluptatem. Harum beatae quo minus omnis porro enim debitis. Culpa qui mollitia eos dolorem voluptatibus eligendi provident. Rem velit nesciunt incidunt accusantium earum qui.','1985-04-05 18:51:50'),(100,100,81,'Vel aspernatur aut ut consequuntur repellat optio optio. Maiores pariatur ea rem ut accusantium consequatur. Velit qui ipsa consequuntur.','1972-07-09 13:54:15');
/*!40000 ALTER TABLE `messages` ENABLE KEYS */;
UNLOCK TABLES;

--
-- Table structure for table `photo_albums`
--

DROP TABLE IF EXISTS `photo_albums`;
/*!40101 SET @saved_cs_client     = @@character_set_client */;
/*!40101 SET character_set_client = utf8 */;
CREATE TABLE `photo_albums` (
  `id` bigint(20) unsigned NOT NULL AUTO_INCREMENT,
  `name` varchar(255) COLLATE utf8mb4_unicode_ci DEFAULT NULL,
  `user_id` bigint(20) unsigned DEFAULT NULL,
  PRIMARY KEY (`id`),
  UNIQUE KEY `id` (`id`),
  KEY `user_id` (`user_id`),
  CONSTRAINT `photo_albums_ibfk_1` FOREIGN KEY (`user_id`) REFERENCES `users` (`id`) ON DELETE SET NULL ON UPDATE CASCADE
) ENGINE=InnoDB AUTO_INCREMENT=101 DEFAULT CHARSET=utf8mb4 COLLATE=utf8mb4_unicode_ci;
/*!40101 SET character_set_client = @saved_cs_client */;

--
-- Dumping data for table `photo_albums`
--

LOCK TABLES `photo_albums` WRITE;
/*!40000 ALTER TABLE `photo_albums` DISABLE KEYS */;
INSERT INTO `photo_albums` VALUES (1,'quia',1),(2,'quo',2),(3,'expedita',3),(4,'non',4),(5,'blanditiis',5),(6,'autem',6),(7,'hic',7),(8,'minima',8),(9,'blanditiis',9),(10,'eum',10),(11,'eius',11),(12,'ducimus',12),(13,'omnis',13),(14,'nam',14),(15,'quibusdam',15),(16,'sit',16),(17,'necessitatibus',17),(18,'ut',18),(19,'qui',19),(20,'est',20),(21,'recusandae',21),(22,'est',22),(23,'est',23),(24,'omnis',24),(25,'dolor',25),(26,'voluptatem',26),(27,'eos',27),(28,'ducimus',28),(29,'doloribus',29),(30,'nam',30),(31,'ut',31),(32,'quos',32),(33,'sit',33),(34,'sint',34),(35,'fuga',35),(36,'ut',36),(37,'magni',37),(38,'ut',38),(39,'eos',39),(40,'hic',40),(41,'et',41),(42,'odit',42),(43,'cum',43),(44,'placeat',44),(45,'repudiandae',45),(46,'autem',46),(47,'dolores',47),(48,'tempore',48),(49,'totam',49),(50,'qui',50),(51,'et',51),(52,'doloribus',52),(53,'dolorem',53),(54,'repellat',54),(55,'et',55),(56,'repudiandae',56),(57,'et',57),(58,'aliquam',58),(59,'voluptas',59),(60,'inventore',60),(61,'repudiandae',61),(62,'amet',62),(63,'laudantium',63),(64,'temporibus',64),(65,'dolores',65),(66,'alias',66),(67,'ducimus',67),(68,'et',68),(69,'animi',69),(70,'iste',70),(71,'ipsum',71),(72,'consectetur',72),(73,'libero',73),(74,'omnis',74),(75,'non',75),(76,'nemo',76),(77,'culpa',77),(78,'dolores',78),(79,'at',79),(80,'ea',80),(81,'quaerat',81),(82,'impedit',82),(83,'beatae',83),(84,'voluptatibus',84),(85,'similique',85),(86,'impedit',86),(87,'qui',87),(88,'rerum',88),(89,'explicabo',89),(90,'repellat',90),(91,'est',91),(92,'et',92),(93,'laboriosam',93),(94,'vero',94),(95,'doloribus',95),(96,'expedita',96),(97,'cupiditate',97),(98,'aut',98),(99,'quam',99),(100,'voluptas',100);
/*!40000 ALTER TABLE `photo_albums` ENABLE KEYS */;
UNLOCK TABLES;

--
-- Table structure for table `photos`
--

DROP TABLE IF EXISTS `photos`;
/*!40101 SET @saved_cs_client     = @@character_set_client */;
/*!40101 SET character_set_client = utf8 */;
CREATE TABLE `photos` (
  `id` bigint(20) unsigned NOT NULL AUTO_INCREMENT,
  `album_id` bigint(20) unsigned NOT NULL,
  `media_id` bigint(20) unsigned NOT NULL,
  PRIMARY KEY (`id`),
  KEY `album_id` (`album_id`),
  KEY `media_id` (`media_id`),
  CONSTRAINT `photos_ibfk_1` FOREIGN KEY (`album_id`) REFERENCES `photo_albums` (`id`) ON DELETE CASCADE ON UPDATE CASCADE,
  CONSTRAINT `photos_ibfk_2` FOREIGN KEY (`media_id`) REFERENCES `media` (`id`) ON DELETE CASCADE ON UPDATE CASCADE
) ENGINE=InnoDB AUTO_INCREMENT=101 DEFAULT CHARSET=utf8mb4 COLLATE=utf8mb4_unicode_ci;
/*!40101 SET character_set_client = @saved_cs_client */;

--
-- Dumping data for table `photos`
--

LOCK TABLES `photos` WRITE;
/*!40000 ALTER TABLE `photos` DISABLE KEYS */;
INSERT INTO `photos` VALUES (1,1,1),(2,2,2),(3,3,3),(4,4,4),(5,5,5),(6,6,6),(7,7,7),(8,8,8),(9,9,9),(10,10,10),(11,11,11),(12,12,12),(13,13,13),(14,14,14),(15,15,15),(16,16,16),(17,17,17),(18,18,18),(19,19,19),(20,20,20),(21,21,21),(22,22,22),(23,23,23),(24,24,24),(25,25,25),(26,26,26),(27,27,27),(28,28,28),(29,29,29),(30,30,30),(31,31,31),(32,32,32),(33,33,33),(34,34,34),(35,35,35),(36,36,36),(37,37,37),(38,38,38),(39,39,39),(40,40,40),(41,41,41),(42,42,42),(43,43,43),(44,44,44),(45,45,45),(46,46,46),(47,47,47),(48,48,48),(49,49,49),(50,50,50),(51,51,51),(52,52,52),(53,53,53),(54,54,54),(55,55,55),(56,56,56),(57,57,57),(58,58,58),(59,59,59),(60,60,60),(61,61,61),(62,62,62),(63,63,63),(64,64,64),(65,65,65),(66,66,66),(67,67,67),(68,68,68),(69,69,69),(70,70,70),(71,71,71),(72,72,72),(73,73,73),(74,74,74),(75,75,75),(76,76,76),(77,77,77),(78,78,78),(79,79,79),(80,80,80),(81,81,81),(82,82,82),(83,83,83),(84,84,84),(85,85,85),(86,86,86),(87,87,87),(88,88,88),(89,89,89),(90,90,90),(91,91,91),(92,92,92),(93,93,93),(94,94,94),(95,95,95),(96,96,96),(97,97,97),(98,98,98),(99,99,99),(100,100,100);
/*!40000 ALTER TABLE `photos` ENABLE KEYS */;
UNLOCK TABLES;

--
-- Table structure for table `profiles`
--

DROP TABLE IF EXISTS `profiles`;
/*!40101 SET @saved_cs_client     = @@character_set_client */;
/*!40101 SET character_set_client = utf8 */;
CREATE TABLE `profiles` (
  `user_id` bigint(20) unsigned NOT NULL AUTO_INCREMENT,
  `gender` char(1) COLLATE utf8mb4_unicode_ci DEFAULT NULL,
  `birthday` date DEFAULT NULL,
  `photo_id` bigint(20) unsigned DEFAULT NULL,
  `created_at` datetime DEFAULT current_timestamp(),
  `hometown` varchar(100) COLLATE utf8mb4_unicode_ci DEFAULT NULL,
  PRIMARY KEY (`user_id`),
  KEY `fk_photo_id` (`photo_id`),
  CONSTRAINT `fk_photo_id` FOREIGN KEY (`photo_id`) REFERENCES `photos` (`id`) ON DELETE SET NULL ON UPDATE CASCADE,
  CONSTRAINT `fk_user_id` FOREIGN KEY (`user_id`) REFERENCES `users` (`id`) ON DELETE CASCADE ON UPDATE CASCADE
) ENGINE=InnoDB AUTO_INCREMENT=101 DEFAULT CHARSET=utf8mb4 COLLATE=utf8mb4_unicode_ci;
/*!40101 SET character_set_client = @saved_cs_client */;

--
-- Dumping data for table `profiles`
--

LOCK TABLES `profiles` WRITE;
/*!40000 ALTER TABLE `profiles` DISABLE KEYS */;
INSERT INTO `profiles` VALUES (1,'m','2004-10-21',1,'2016-09-15 09:14:00',NULL),(2,'m','1980-03-24',2,'2015-12-15 03:31:33',NULL),(3,'m','2015-02-05',3,'2011-05-03 02:29:52',NULL),(4,'f','2001-02-22',4,'2003-09-08 15:10:20',NULL),(5,'m','1976-01-28',5,'1982-08-15 20:51:22',NULL),(6,'f','1971-04-15',6,'1984-11-29 03:05:51',NULL),(7,'m','2013-06-21',7,'1980-06-25 18:03:54',NULL),(8,'m','1992-07-29',8,'1996-05-14 20:15:51',NULL),(9,'f','2004-06-29',9,'1986-07-24 02:17:13',NULL),(10,'f','1974-12-03',10,'2017-04-12 22:36:37',NULL),(11,'f','1981-03-26',11,'1978-06-27 00:26:00',NULL),(12,'f','1989-10-20',12,'2008-09-21 05:26:13',NULL),(13,'m','2010-11-20',13,'2014-10-28 11:34:02',NULL),(14,'m','2003-09-04',14,'2012-12-21 16:50:46',NULL),(15,'f','1979-06-23',15,'1980-04-13 11:44:29',NULL),(16,'m','1988-07-02',16,'1996-06-28 03:50:13',NULL),(17,'f','1978-05-10',17,'2017-11-27 02:17:36',NULL),(18,'f','1971-05-07',18,'2001-03-20 15:16:07',NULL),(19,'m','1991-06-13',19,'1987-03-19 18:52:32',NULL),(20,'m','2005-03-14',20,'1974-09-20 17:42:10',NULL),(21,'m','1983-04-27',21,'2010-11-03 14:09:20',NULL),(22,'m','2012-03-02',22,'2019-09-02 06:39:35',NULL),(23,'f','1983-05-22',23,'1989-08-25 17:52:06',NULL),(24,'m','2006-06-27',24,'1972-08-20 10:45:37',NULL),(25,'m','2017-06-19',25,'2021-12-14 18:01:22',NULL),(26,'f','1986-01-22',26,'2011-11-02 08:50:18',NULL),(27,'f','1972-11-26',27,'2015-07-17 18:03:39',NULL),(28,'m','1985-12-02',28,'2000-02-19 01:19:07',NULL),(29,'f','1986-12-03',29,'2001-10-20 18:02:55',NULL),(30,'f','1992-04-29',30,'2020-08-27 07:08:31',NULL),(31,'m','2016-01-15',31,'2003-03-06 16:57:26',NULL),(32,'f','1970-06-20',32,'1993-07-23 11:28:08',NULL),(33,'f','1976-11-07',33,'1981-11-22 05:43:58',NULL),(34,'m','1996-08-14',34,'1980-03-26 02:36:08',NULL),(35,'f','1985-01-21',35,'1980-08-11 06:09:51',NULL),(36,'f','2018-03-07',36,'2006-03-11 08:57:40',NULL),(37,'m','1991-07-04',37,'1976-10-20 12:35:04',NULL),(38,'m','1996-11-12',38,'1974-06-05 21:53:50',NULL),(39,'m','2012-03-19',39,'1994-10-01 13:51:06',NULL),(40,'m','1986-03-22',40,'2019-05-03 20:55:24',NULL),(41,'m','1993-09-09',41,'2014-06-28 18:09:45',NULL),(42,'m','1996-10-18',42,'1970-10-16 16:58:01',NULL),(43,'m','2004-02-27',43,'1991-09-22 06:42:28',NULL),(44,'f','2004-12-13',44,'2000-10-31 07:23:24',NULL),(45,'f','1973-10-27',45,'2014-08-24 20:46:44',NULL),(46,'f','2017-11-25',46,'1989-06-17 03:25:49',NULL),(47,'m','2017-01-25',47,'2001-04-10 01:46:03',NULL),(48,'f','1982-06-20',48,'2004-09-01 13:47:47',NULL),(49,'m','1981-01-28',49,'2005-06-12 06:46:31',NULL),(50,'f','1983-01-26',50,'2018-09-16 15:49:20',NULL),(51,'m','2007-02-12',51,'1979-09-06 08:10:13',NULL),(52,'f','1988-10-25',52,'1988-07-23 13:12:01',NULL),(53,'f','1979-10-18',53,'1978-10-17 13:28:02',NULL),(54,'m','2014-04-21',54,'1999-09-13 02:07:05',NULL),(55,'m','1976-09-04',55,'2020-07-19 06:26:52',NULL),(56,'m','1991-03-10',56,'1975-07-16 11:09:45',NULL),(57,'f','2021-02-18',57,'2002-10-18 01:56:54',NULL),(58,'m','2005-04-10',58,'1986-03-24 13:01:30',NULL),(59,'m','2015-07-15',59,'1970-03-13 00:06:37',NULL),(60,'f','1973-08-06',60,'1993-12-09 15:50:03',NULL),(61,'f','1986-10-17',61,'1998-09-15 05:08:02',NULL),(62,'f','2006-12-31',62,'2011-04-30 08:34:48',NULL),(63,'f','2009-05-20',63,'2012-09-29 14:22:25',NULL),(64,'f','2021-12-26',64,'2001-12-13 02:32:58',NULL),(65,'f','1974-11-10',65,'1987-05-27 16:01:17',NULL),(66,'m','1975-11-04',66,'2013-10-08 21:14:55',NULL),(67,'f','1986-03-10',67,'2018-04-11 05:33:41',NULL),(68,'m','1997-02-10',68,'1987-06-19 20:15:39',NULL),(69,'m','2021-02-09',69,'1987-05-04 05:05:37',NULL),(70,'f','1989-07-06',70,'1973-09-20 20:27:55',NULL),(71,'f','1995-11-10',71,'1996-06-07 04:29:48',NULL),(72,'m','1977-09-11',72,'1988-07-05 18:33:36',NULL),(73,'m','1971-03-13',73,'1992-03-05 20:36:26',NULL),(74,'m','1998-03-16',74,'2004-08-15 18:14:20',NULL),(75,'f','2021-10-19',75,'2010-10-06 08:10:43',NULL),(76,'m','2010-03-22',76,'1977-02-26 21:25:45',NULL),(77,'m','1981-03-29',77,'1976-11-04 02:15:26',NULL),(78,'m','2012-03-02',78,'1995-08-17 16:49:36',NULL),(79,'m','1997-04-20',79,'1998-10-02 01:13:41',NULL),(80,'f','1973-12-30',80,'2016-09-11 00:02:17',NULL),(81,'m','1998-04-09',81,'2018-06-12 22:45:51',NULL),(82,'f','2016-02-13',82,'1970-05-25 06:53:09',NULL),(83,'f','1990-08-12',83,'2008-12-02 21:52:40',NULL),(84,'f','1981-01-25',84,'1983-11-24 22:38:46',NULL),(85,'f','2000-02-28',85,'1981-01-22 22:30:40',NULL),(86,'m','2019-04-18',86,'2003-11-12 09:30:03',NULL),(87,'f','2005-10-29',87,'1993-09-28 09:19:58',NULL),(88,'m','1979-12-07',88,'1991-09-04 19:08:29',NULL),(89,'m','1972-07-17',89,'2014-04-26 12:01:02',NULL),(90,'f','1985-06-24',90,'1979-06-23 19:52:57',NULL),(91,'m','2022-04-13',91,'2016-10-29 06:46:50',NULL),(92,'f','1978-07-19',92,'2005-03-27 22:36:57',NULL),(93,'f','1986-09-04',93,'2011-01-02 11:32:48',NULL),(94,'f','1978-09-10',94,'2005-08-01 13:48:03',NULL),(95,'f','1984-01-24',95,'1995-10-13 15:09:15',NULL),(96,'m','2007-04-12',96,'2009-12-16 12:54:52',NULL),(97,'m','1981-06-12',97,'1975-04-16 17:31:07',NULL),(98,'f','2008-08-04',98,'2010-11-02 17:42:28',NULL),(99,'m','1974-06-27',99,'2022-03-16 17:57:54',NULL),(100,'f','1999-03-31',100,'2001-06-28 01:20:35',NULL);
/*!40000 ALTER TABLE `profiles` ENABLE KEYS */;
UNLOCK TABLES;

--
-- Table structure for table `users`
--

DROP TABLE IF EXISTS `users`;
/*!40101 SET @saved_cs_client     = @@character_set_client */;
/*!40101 SET character_set_client = utf8 */;
CREATE TABLE `users` (
  `id` bigint(20) unsigned NOT NULL AUTO_INCREMENT,
  `firstname` varchar(100) COLLATE utf8mb4_unicode_ci DEFAULT NULL,
  `lastname` varchar(100) COLLATE utf8mb4_unicode_ci DEFAULT NULL COMMENT '',
  `email` varchar(100) COLLATE utf8mb4_unicode_ci DEFAULT NULL,
  `password_hash` varchar(100) COLLATE utf8mb4_unicode_ci DEFAULT NULL,
  `phone` bigint(20) DEFAULT NULL,
  `is_deleted` bit(1) DEFAULT b'0',
  PRIMARY KEY (`id`),
  UNIQUE KEY `email` (`email`),
  KEY `users_firstname_lastname_idx` (`firstname`,`lastname`)
) ENGINE=InnoDB AUTO_INCREMENT=101 DEFAULT CHARSET=utf8mb4 COLLATE=utf8mb4_unicode_ci;
/*!40101 SET character_set_client = @saved_cs_client */;

--
-- Dumping data for table `users`
--

LOCK TABLES `users` WRITE;
/*!40000 ALTER TABLE `users` DISABLE KEYS */;
INSERT INTO `users` VALUES (1,'Antone','Heaney','ova42@example.com','ef751b69bb33cd3c2e59851fd2136af965028e54',9895918524,''),(2,'Dereck','Jaskolski','fahey.jada@example.com','6ebbf063bbca8cedc77775f8f3a8b17893e6ba23',9784872112,'\0'),(3,'Edgardo','Pfannerstill','monique.maggio@example.com','57650cec779860ef5ad5181a1d6d19e2b1e79cab',9317769568,''),(4,'Bettie','Barrows','jakubowski.jennifer@example.com','8dcc6e08ff585f31c76b348dd0cde530e8a2480a',9089794430,'\0'),(5,'Adrienne','Funk','igleichner@example.net','eb966fd3930cc6a343834d71810f18660c2b7afd',9249295370,'\0'),(6,'Clay','Hand','caleigh.walter@example.org','d60746737f172fb850f5cf139419e22ff21e4081',9080797862,'\0'),(7,'Dock','Rohan','awatsica@example.com','56172e5624b8b7df9c08ef81eed57d3cabc7167e',9473604077,'\0'),(8,'Kelvin','Pouros','dane.okuneva@example.org','1b0c5343484ad7efa35f9927adfaa706f86311bf',9870104473,'\0'),(9,'Shad','Terry','dejuan10@example.com','87ee3b3a3e3d8ad70537386265553208113f0ef0',9517600396,''),(10,'Maymie','Schuppe','jkonopelski@example.net','1e78b9d22f3a1b494c0084c5de98f127060fd05d',9288261131,'\0'),(11,'Damaris','Koelpin','awisozk@example.org','8cea7ca7026d4817494879111cfbc78fe5aadd67',9136786289,''),(12,'Eusebio','Beer','lbarrows@example.net','1a24f369b367c27a3a4931d2068d3c892c22a33b',9106293866,'\0'),(13,'Corine','Cormier','kihn.armando@example.org','9d95b3b10e4808cefce2f7325de3ef2e81162dd5',9100687431,'\0'),(14,'Annette','Hammes','ghermann@example.com','728ad705b224bbf3320c54e5d08fd5393db18adb',9217426981,''),(15,'Jody','Will','lula12@example.net','0a5ac75760e66a4b5babcd8b7cd2fcf1cc9f8d21',9710085745,'\0'),(16,'Laurel','Larson','camila.herzog@example.org','2fbb87ecc664dd61a1a8f6328e4a65aac6e601f8',9998631499,''),(17,'Raphaelle','Anderson','sabrina31@example.org','0f1ec217750a6c00930fc108b73af9cb7c35077b',9316560544,''),(18,'Charley','Koelpin','darrell.daniel@example.net','9f485c5bab0512d977d332b130dc29016f3f2383',9709613010,''),(19,'Robb','Kautzer','jschmidt@example.net','551670a8bddaa504e8821f034f41e61fe67b918d',9891414742,'\0'),(20,'Anabelle','Konopelski','wuckert.sasha@example.net','cc00f52dde68a56ac38e84f118d8f0f013ac18aa',9693714634,'\0'),(21,'Daija','Kling','pfeil@example.com','cd1c0e105315bff3d54a97901a7d80bdeb1a96a3',9813967497,'\0'),(22,'Trace','Mann','rylan65@example.net','6c0dad30f51b3811706e644ce0291e6face1d7a9',9767537604,''),(23,'Britney','Macejkovic','vicky94@example.com','917398067be17dad3ade6464253b5efcbf341e65',9399359583,'\0'),(24,'Eleanora','Nienow','sydni42@example.net','6f26a9c3cde1b1f59cdc037ca4aa953a31c630dc',9619876455,'\0'),(25,'Heather','Turcotte','greenfelder.gianni@example.com','6785a2a1a7434ba028bb0c0ac5775b2f9c437921',9676243572,'\0'),(26,'Calista','Anderson','ymosciski@example.org','14dd55e712657e09b9d46461ee0fdc6da807c5fb',9021857767,'\0'),(27,'Timmothy','Muller','matilde.schneider@example.com','bb2225ee4115745a9cd6e3019c313010b7ed9d5c',9741554037,''),(28,'Katarina','Bednar','hegmann.irma@example.net','443202f919d56a051a79d448f118e5cf0cf44817',9519988590,'\0'),(29,'Clinton','Anderson','epfannerstill@example.com','fbeb1ab9dab13ed0d04a4538657edd1d42a8ab8d',9757558453,''),(30,'Tyrell','Funk','danyka.hermiston@example.org','cc5ae13a925ebebc040b9eb0e2c3f33dfa6280a5',9530497097,'\0'),(31,'Constance','Larkin','meda.hessel@example.net','b769fdd2c0bf4936042b497c14f51426a6ae8851',9897012554,'\0'),(32,'Jazmin','Huels','akovacek@example.org','3880a0a2c6ab590a4ae2615115aec308e98d3095',9044480418,''),(33,'Jordan','Kris','tillman.virginia@example.org','4fc641f0107d8a6d830d72005b77c585adb4cf1d',9337944704,''),(34,'Claudia','Blanda','kasey34@example.com','235a9e6b6d9e821ed1617d7c04ebd7a63184ff1f',9809300125,'\0'),(35,'Leonard','Durgan','denis.o\'kon@example.net','944d63be3586a27b4cd0cee3d6db43b4d1d91f61',9370639552,'\0'),(36,'Caleigh','McKenzie','kschulist@example.com','7cbd3b36b2118cd775d3a19ae20ff5d53152dbae',9365333250,'\0'),(37,'Alphonso','Lowe','lionel96@example.net','89268ec6f6f826a28f645e711310fd3f261de8cc',9648601914,'\0'),(38,'Maegan','Hartmann','jerrell.lubowitz@example.org','f1bb7d747ef1f2ea3f3e37586eacb046b90d3344',9748250580,'\0'),(39,'Gaetano','Strosin','daniel.lorine@example.org','c83b552ade7475c852b30b288d96e6b08d2ee7d3',9705515978,'\0'),(40,'Van','Schimmel','ghirthe@example.com','9f6d32d77ff831ee6313ae94f8ac9db1d0575830',9662937005,''),(41,'Rocio','Windler','leanna.stamm@example.net','61427b9625c921a453ac449a1824aaf145ce0ace',9550127453,''),(42,'Ona','Beahan','watson48@example.net','edaf12563f301d8bffbe82d5e567ee453f69a9e4',9847211216,'\0'),(43,'Mandy','Fisher','estell.koepp@example.com','f5311e3cabe2b9a6a20dc123ab0baff70825b178',9093179065,''),(44,'Malachi','Legros','mspencer@example.org','218ad16d309b9fb7410c3aaa90d4196ecdec494e',9182543192,'\0'),(45,'Raoul','Turner','kathleen63@example.net','1c5df504820d6ba12a2d95b0ba415a4e7b618c2d',9765016573,'\0'),(46,'May','Keebler','schmeler.raheem@example.com','1b9f764fd51558a7601e3b7ccc14b01c4a715f1e',9703892230,''),(47,'Agustin','Keebler','uriah.weimann@example.com','862a1c4bb8c67dee408dcb84b68fd6bc651a2540',9702926320,''),(48,'Katelyn','Simonis','sylvan38@example.com','a074072f5491142a6402edc3fc1d1e04acc09495',9353461690,''),(49,'Mertie','Johns','shakira.simonis@example.org','29fe455436d92fa8daeae80d19aafee9f52d1d7e',9173891537,'\0'),(50,'Lloyd','Turner','daniel.hailie@example.org','5cf3e61e6b1cc5fb62ec9d951e408efa1ed9673d',9295690891,'\0'),(51,'Zola','Pollich','mmurazik@example.net','f446bf0dfc308b5313b018bdbad6da54309b85dc',9433080612,''),(52,'Carson','Wisozk','hchristiansen@example.com','8b1ad1b91ee8063cce42fdcae08735997ddbd64d',9327421721,''),(53,'Jacey','Kuhn','barrett03@example.com','15dd7669c71610067dfed7a6b7a4596b446555de',9001277604,''),(54,'Reba','Bernier','sgislason@example.com','014d62f149d0973d5b7dbe5f8f8f61e4cbe47b50',9498590267,''),(55,'Aylin','Rice','lvon@example.org','7783c637aa5b5941032b30327f38cc077cf432a7',9906483011,''),(56,'Elinor','Kunze','erdman.alivia@example.org','e5d9964c955be5a8e845b19fc154e6f7c683c93d',9283749934,''),(57,'Kaycee','Mertz','nbarton@example.net','687f65196e324d1517f9d045bbcd313f1712df1c',9894600941,''),(58,'Boris','Beer','rdicki@example.org','68fbb7ac705396664f4997d6194a2e7eaa53bc88',9939625335,'\0'),(59,'Maude','Mitchell','anabelle76@example.com','fe8763cc3f49b4349d0e07a2e067792b80e9dddd',9378351056,'\0'),(60,'Letitia','Heidenreich','pdickinson@example.org','db08830ac65cce1647bd51bfe046b6d06422e4b4',9343527882,'\0'),(61,'Addie','Gleason','bo.mann@example.net','ae2347948a6e4ac35e28c5950e8195424230a294',9444431367,''),(62,'Ellen','Erdman','mdoyle@example.org','e9ca899141603ceb9efff9442e1f5ff8e0b9f256',9007466704,'\0'),(63,'Eloy','Stroman','clifford.hahn@example.org','4f5c3ff772d32ec08a3c674f20e423eadbba1070',9308867986,''),(64,'Owen','O\'Reilly','ahodkiewicz@example.org','bcb49f6fd39869f9b9c8d23408b9e8ae32c1afaa',9044819182,''),(65,'Celestino','Ziemann','zstehr@example.net','4152addb7690776a1a014cb6edf594ec12dc6cb7',9167378139,'\0'),(66,'Arvel','Wisozk','mglover@example.com','526275988d205c5808947f1d7370b1b158f5fc52',9425287838,'\0'),(67,'Cooper','Labadie','crist.jovany@example.org','cc20d77a3cc5b28daad9677bf6e306b5b8150bfa',9760900773,''),(68,'Kiley','Block','sean86@example.org','ba38f5ebf0ea0cd448b2d217181370476ec891f7',9918522884,''),(69,'Stephany','Bogisich','fturner@example.org','d311327a41c59933f64cd55283c7f65c31dd5fc1',9539159893,''),(70,'Dion','Baumbach','kbruen@example.org','39fd22db5838471fc47bcfe13ac9f813919fc82b',9111720889,''),(71,'Kenny','Ebert','dschamberger@example.com','68bb26e06209f193460be53a845a370aff2dcaee',9653813414,'\0'),(72,'Brendon','Stehr','timmy.okuneva@example.com','4b0be6528b49be70e6eee787dc65606f65b714d3',9077465859,'\0'),(73,'Alvena','Schiller','nestor44@example.net','f83d3687bbe3a8e2f09755cf82ea55549fc7402f',9643635828,'\0'),(74,'Vince','Littel','friesen.demetris@example.org','443233a94ed5f3cb93c112d534f9c2fa2003a92b',9216014319,''),(75,'Jaquan','Kshlerin','robert21@example.net','aaf6c010c78f0c9191881cf68a607cb2d614ffa5',9935792261,''),(76,'Demond','McCullough','sydnie19@example.com','fdf8a3246bffa7fae3aeded87a0a827762b0c903',9805271306,'\0'),(77,'Tony','Witting','rudy.goodwin@example.com','75e270b2fdeb91ef1b545a51e61b83896c615e18',9627562092,'\0'),(78,'Neha','Bergstrom','derek38@example.org','7e88d53d93a5473e9f96d51de73716f3c8b315ac',9829756990,''),(79,'Sammie','Fahey','rosendo77@example.org','25dd559d7d8f16c99816959be4025bd8f676b387',9566537741,''),(80,'Grace','Mayer','lreinger@example.net','dd736822e16d3e14f2d4717d2753dbf4519a21d7',9745171514,'\0'),(81,'Juliana','Kuvalis','garett.ratke@example.net','9c3058b733597a49581cb59d1eea3deed180fca6',9057949697,''),(82,'Adolph','Rempel','borer.lura@example.net','5a9eb0770046c37cf6c2ea60e70c2b54b0b4fa5b',9734529050,'\0'),(83,'Alberto','Brown','melvina.farrell@example.org','fac38e6a72a74b091edf25aca3a8ed3235588c4a',9431112166,'\0'),(84,'Koby','Stamm','twila03@example.com','74d80166b15f43c46d611fc1fe71cd5a79e1fdbb',9893067867,''),(85,'Mackenzie','Franecki','miller.halie@example.net','6102b5ccd956ebfc6d27c678c83028d12845556f',9086210500,''),(86,'Walker','Murray','mills.gladys@example.net','39f5c5d1731f2429e61240d62e6610f8d8db6f47',9542438048,''),(87,'Tremayne','Runte','garland83@example.org','9cb6896e2748a1df1f34c5bd11ff001f22506057',9185722109,''),(88,'Carolina','Waters','lillian.abernathy@example.com','6021be1dedb3c2ad1fdd3c99985d5387eac006b9',9885022962,'\0'),(89,'Richie','Shields','quigley.gunnar@example.net','84f06a7b1a89fe10f2aa388b7959e4e4362221dd',9914277163,'\0'),(90,'D\'angelo','Bins','terence78@example.net','fe7d436cd4a58389db6ca4b26cf5d4d449af0c0a',9720231987,''),(91,'Boris','Wisozk','laverna50@example.org','8d41ed8b8085421f854542ffcd7e3e103761941c',9472393004,''),(92,'Alphonso','Hills','qkoch@example.org','ca865d66dea1489e38c62bbcf3b602a4d14afa18',9263199163,''),(93,'Ivah','Streich','lblanda@example.org','2d4636f72c8952538b79cb7192a8d16241c77cc8',9830388908,'\0'),(94,'Ferne','Conn','omoore@example.net','3cd1c31187f6542f29645fb9c3c78bd6ff52a2b9',9400086755,'\0'),(95,'Alberta','Bosco','enos.bradtke@example.org','09e4f86b9679e570ebc286dee5c1f2ffe9291c61',9160354746,''),(96,'Rosetta','Borer','malachi.rippin@example.com','82afe79165406f4a7ad6ef8b6e0f48f4ca8793e2',9820661675,'\0'),(97,'Lance','Herzog','oda.kutch@example.com','ce2a22166c8d8685781137e9186e028bccf438e6',9808217369,''),(98,'Laurie','Fay','caterina49@example.com','a6a33401e0a80493eba7037b23926dd9eff39cfc',9603880890,''),(99,'Angelica','Rice','rowe.celia@example.org','cf50f72d51298aa8842945f4d3a7027385fc6609',9965200630,'\0'),(100,'Clementine','Mann','stehr.shaylee@example.org','c2426fe8b7f0439231ebd80a7b864cc4a619098e',9100352121,'');
/*!40000 ALTER TABLE `users` ENABLE KEYS */;
UNLOCK TABLES;

--
-- Table structure for table `users_communities`
--

DROP TABLE IF EXISTS `users_communities`;
/*!40101 SET @saved_cs_client     = @@character_set_client */;
/*!40101 SET character_set_client = utf8 */;
CREATE TABLE `users_communities` (
  `user_id` bigint(20) unsigned NOT NULL,
  `community_id` bigint(20) unsigned NOT NULL,
  PRIMARY KEY (`user_id`,`community_id`),
  KEY `community_id` (`community_id`),
  CONSTRAINT `users_communities_ibfk_1` FOREIGN KEY (`user_id`) REFERENCES `users` (`id`) ON DELETE CASCADE ON UPDATE CASCADE,
  CONSTRAINT `users_communities_ibfk_2` FOREIGN KEY (`community_id`) REFERENCES `communities` (`id`) ON DELETE CASCADE ON UPDATE CASCADE
) ENGINE=InnoDB DEFAULT CHARSET=utf8mb4 COLLATE=utf8mb4_unicode_ci;
/*!40101 SET character_set_client = @saved_cs_client */;

--
-- Dumping data for table `users_communities`
--

LOCK TABLES `users_communities` WRITE;
/*!40000 ALTER TABLE `users_communities` DISABLE KEYS */;
INSERT INTO `users_communities` VALUES (1,14),(1,47),(3,32),(5,59),(5,82),(5,88),(7,18),(8,77),(9,44),(9,92),(10,29),(10,90),(12,4),(13,46),(13,64),(13,67),(15,10),(15,83),(17,4),(19,81),(20,3),(21,81),(22,44),(22,93),(24,19),(26,15),(27,4),(27,24),(28,65),(28,85),(29,18),(29,72),(30,8),(31,66),(31,96),(33,57),(35,30),(35,97),(39,86),(41,16),(41,74),(41,94),(42,28),(42,34),(43,59),(44,31),(45,23),(47,25),(47,57),(48,16),(48,20),(48,56),(49,26),(49,30),(51,20),(52,63),(53,47),(53,95),(54,47),(55,6),(55,72),(55,85),(57,53),(58,1),(58,13),(59,47),(59,55),(60,87),(62,62),(63,13),(65,85),(66,31),(67,72),(68,72),(69,80),(72,2),(73,22),(74,40),(74,49),(75,3),(76,74),(77,25),(79,84),(84,22),(85,1),(85,21),(89,52),(90,26),(90,92),(92,35),(94,36),(94,60),(94,63),(96,54),(97,41),(98,50),(98,73),(99,33),(100,60),(100,85);
/*!40000 ALTER TABLE `users_communities` ENABLE KEYS */;
UNLOCK TABLES;
/*!40103 SET TIME_ZONE=@OLD_TIME_ZONE */;


-- 2 .    ,   :
SELECT DISTINCT lastname FROM users 
	ORDER BY lastname ASC;

-- 3 .   5   
UPDATE users SET is_deleted=1 LIMIT 5;
--         "SET is_deleted=1 WHERE is_deleted=0"

-- 4 .     
DELETE FROM messages WHERE created_at > current_timestamp();

/*!40101 SET SQL_MODE=@OLD_SQL_MODE */;
/*!40014 SET FOREIGN_KEY_CHECKS=@OLD_FOREIGN_KEY_CHECKS */;
/*!40014 SET UNIQUE_CHECKS=@OLD_UNIQUE_CHECKS */;
/*!40101 SET CHARACTER_SET_CLIENT=@OLD_CHARACTER_SET_CLIENT */;
/*!40101 SET CHARACTER_SET_RESULTS=@OLD_CHARACTER_SET_RESULTS */;
/*!40101 SET COLLATION_CONNECTION=@OLD_COLLATION_CONNECTION */;
/*!40111 SET SQL_NOTES=@OLD_SQL_NOTES */;

-- Dump completed on 2022-05-17 15:52:53
